Player,Team,Level,Position,Throws,Age,Year,AB Before Surgery,IP Before Surgery,G Before Surgery
Aaron Shortridge,PIT,A+,SP,R,24,2021,0,370.6,87
Jack Hartman,PIT,Coll,RP,R,21,2020,0,33.6,30
Alex Faedo,DET,AA,SP,R,24,2020,0,526,102
Mike Clevinger,SD,MLB,SP,R,29,2020,10,983.3,105
Efrain Contreras,SD,A,SP,R,20,2020,0,178,41
Carter Baumier,BAL,HS,RP,R,18,2020,0,0,0
Ricardo Sanchez,STL,MLB,RP,L,23,2020,0,521.3,321
Nick Burdi,PIT,MLB,RP,R,27,2020,0,126.3,16
Chance Adams,KC,MLB,SP,R,25,2020,0,41.6,22
Luis Perdomo,SD,MLB,RP,R,27,2020,99,444.3,133
Jake Irvin,WAS,A,SP,R,23,2020,0,149,36
Justin Verlander,HOU,MLB,SP,R,37,2020,50,3006.3,474
Ken Giles,TOR,MLB,RP,R,29,2020,0,351,357
Dakota Hudson,STL,MLB,SP,R,25,2020,52,520,85
Caleb Ferguson,LAD,MLB,RP,L,23,2020,7,112.3,96
Ricky Vanasco,TEX,A,RP,R,21,2020,0,83.1,28
Tyler Thornburg,CIN,MLB,RP,R,31,2020,25,269.3,192
Jalen Beeks,TB,MLB,RP,L,26,2020,5,174.3,59
Matt Bowman,CIN,MLB,RP,R,29,2020,3,181.3,67
Luis Durango Jr.,CLE,HS,CF,L,17,2020,65,0,39
Yonny Chirinos,TB,MLB,SP,R,26,2020,3,234.3,47
Darlin Noboa,CLE,Rk,RP,R,20,2020,0,29,13
Sam Freeman,WAS,MLB,RP,L,23,2020,3,233.6,271
Foster Griffin,KC,MLB,RP,L,24,2020,0,710,142
Tommy Kahnle,NYY,MLB,RP,R,30,2020,3,272.6,285
Austen Williams,WAS,AA,RP,R,27,2020,0,10,12
Seranthony Dominguez,PHI,MLB,SP,R,25,2020,2,409.6,166
Colin Poche,TB,MLB,RP,L,26,2020,0,226.3,173
Daniel Tillo,KC,AA,SP,L,24,2020,0,301.6,65
Justin Anderson,LAA,MLB,RP,R,27,2020,0,102.3,111
Peter Lambert,COL,MLB,SP,R,23,2020,28,89.3,19
Trey Wingenter,SD,MLB,RP,R,26,2020,0,70,73
Ty Blach,BAL,MLB,SP,L,29,2020,78,326.3,92
John Brebbia,STL,MLB,RP,R,30,2020,4,175,161
Kade Mechals,CHW,Coll,SP,R,22,2020,0,194,48
Chris Sale,BOS,MLB,SP,L,31,2020,25,1629.6,312
Noah Syndergaard,NYM,MLB,SP,R,27,2020,222,716,119
Blaine Hardy,MIN,MLB,RP,L,33,2020,1,289.2,233
Tyler Beede,SF,MLB,SP,R,27,2020,40,124.6,35
Andres Munoz,SD,MLB,RP,R,21,2020,0,137.6,68
Reggie Lawson,SD,AA,SP,R,22,2020,2,237.3,55
Joey Wentz,DET,AA,SP,L,22,2020,17,371.3,79
Conner O Neil,NYM,A+,RP,R,25,2020,0,336,167
Matt Carasiti,SF,AAA,RP,R,28,2020,1,25.3,30
Matt Festa,SEA,AAA,RP,R,27,2020,0,30.6,28
J.T. Ginn,NYM,HS,RP,R,21,2020,0,0,0
Ryan Garcia,TEX,A-,SP,R,22,2020,89,305.6,89
Luis Severino,NYY,MLB,SP,R,26,2020,12,530,99
Hunter Schryver,CHW,AAA,SP,L,25,2020,0,277.3,53
Eric Pardinho,TOR,A,SP,R,19,2020,0,87.6,19
Jose Soriano,LAA,A,SP,R,21,2020,0,238,61
Jared Solomon,CIN,A+,SP,R,23,2020,0,266.6,69
Zack Matthews,HOU,Coll,RP,R,21,2020,0,42.3,41
Sadrac Franco,LAA,Rk,RP,R,20,2020,0,76,29
Buddy Hayward,PHI,Coll,RP,R,20,2019,78,140,35
Daniel Acosta,MIL,Rk,RP,R,22,2019,0,82.3,60
Aaron Hicks,NYY,MLB,OF,R,29,2019,2148,0,654
Kutter Crawford,BOS,AA,SP,R,23,2019,0,317,62
Lun Zhao,MIL,Rk,RP,R,17,2019,0,8.1,6
Steven Wright,BOS,MLB,RP,R,34,2019,5,347.6,81
Connor Sadzeck,SEA,MLB,RP,R,27,2019,0,564,188
Jose Alberro,MIL,Rk,RP,L,21,2019,0,102.3,53
Tim Mayza,TOR,MLB,RP,L,27,2019,0,104,124
Pablo Sandoval,SF,MLB,3B,R,32,2019,4452,2,1277
Adam Warren,SD,MLB,RP,R,31,2019,6,492.1,323
Connor Van Scoyoc,LAA,Rk,RP,R,19,2019,0,40.3,12
Dax Fulton,MIA,HS,SP,L,17,2019,0,0,0
Edouard Julien,MIN,Coll,2B,R,20,2019,544,0,157
Pedro Avila,SD,AA,SP,R,22,2019,1,345.6,89
Jeremiah Estrada,CHC,A-,RP,R,20,2019,0,17,7
Blake Townsend,SEA,Rk,RP,L,18,2019,0,16,10
David Robertson,PHI,MLB,RP,R,34,2019,0,663.6,661
Chasen Bradford,SEA,MLB,RP,R,29,2019,1,104,86
Jameson Taillon,PIT,MLB,SP,R,27,2019,135,466,82
Gus Varland,OAK,A+,SP,R,22,2019,0,304.6,66
Raynel Espinal,NYY,AAA,RP,R,27,2019,0,363,151
Leoner Colina,MIL,Rk,SP,R,18,2019,0,72,15
Ricky Karcher,CIN,Rk,SP,R,21,2019,1,64,26
Blake Lillis,MIL,Rk,SP,L,21,2019,0,66.6,19
Alec Kenilvort,MIL,A+,RP,R,26,2019,0,221,150
Josh Rogers,BAL,MLB,RP,L,24,2019,0,26,8
Corbin Martin,HOU,AAA,SP,R,23,2019,0,19.3,5
Garrett Whitlock,NYY,AA,SP,R,23,2019,0,322.6,88
Sam Tewes,STL,A+,SP,R,21,2019,0,283.6,58
Matt Bush,TEX,AA,RP,R,33,2019,0,137,136
Jean Casanova,TEX,A,RP,R,22,2019,0,150,56
Jordan Hicks,STL,MLB,RP,R,22,2019,1,106.3,102
Ryan Burr,CHW,MLB,RP,R,25,2019,0,29.3,24
Jimmy Lambert,CHW,AA,SP,R,24,2019,0,330,68
Cole Bellinger,SD,A-,SP,R,19,2019,0,68,22
Cale Coshow,NYY,AAA,RP,R,26,2019,0,404,194
Corey Taylor,NYM,AAA,RP,R,26,2019,3,412.3,232
Michael Limoncelli,SEA,HS,RP,R,19,2019,0,0,0
Victor Soteldo,CLE,HS,RP,R,17,2019,0,0,0
John Swanda,LAA,A,SP,R,20,2019,0,51.3,21
Akil Baddoo,MIN,A+,OF,L,20,2019,862,0,233
Miguel Mercedes,OAK,A,3B,R,23,2019,1376,0,392
Trevor Bettencourt,PHI,AA,RP,R,24,2019,0,226.3,150
Dantel Ramirez,MIL,Rk,RP,R,20,2019,0,33.2,19
Duncan Robinson,CHC,AAA,SP,R,25,2019,26,533,118
Tyler Wells,MIN,AA,SP,R,24,2019,0,459.3,88
John Fasola,STL,AA,RP,R,27,2019,0,236.6,184
Ryan Boldt,TB,AA,OF,R,24,2019,1747,0,446
Tate Budnick,MIL,Rk,RP,R,23,2019,189,185.6,137
Carlos Rodon,CHW,MLB,SP,L,26,2019,10,529,93
Lenny Torres,CLE,Rk,SP,R,18,2019,0,15.3,6
Cole Ragans,TEX,A-,SP,L,21,2019,0,65,17
Zach Pop,BAL,AA,RP,R,22,2019,0,236.6,127
Kyle Young,PHI,A+,SP,L,21,2019,0,172.3,39
Sahid Valenzuela,OAK,Coll,SS,R,21,2019,728,0,182
Jake Thompson,BOS,A+,SP,R,24,2019,28,116.3,30
Sean Mooney,MIN,Coll,SP,R,21,2019,0,244.2,41
Trey Benton,CLE,Coll,RP,R,21,2019,0,187,58
Ben Brown,PHI,A,RP,R,19,2019,0,84.3,26
Nolan Hoffman,SEA,A,RP,R,21,2019,0,88.3,63
Jamal Wade,SEA,A,RP,R,23,2019,200,85.2,63
Owen White,TEX,HS,RP,R,19,2019,0,0,0
Anderson Espinoza,SD,A,SP,R,21,2019,0,166.6,40
A.J. Ladwig,DET,AA,SP,R,26,2019,0,848.6,162
Mason Englert,TEX,HS,SP,R,19,2019,0,0,0
Corey Black,CHC,Rk,RP,R,27,2019,37,534,201
Hunter Greene,CIN,A,SP,R,19,2019,30,72.6,21
Ryan Dease,TEX,A-,SP,R,20,2019,0,142.3,37
Corey Knebel,MIL,MLB,RP,R,27,2019,0,223,224
Jack DeGroat,CLE,Coll,RP,R,22,2019,0,124.3,50
Davis Daniel,LAA,Coll,SP,R,22,2019,0,170,45
Braydon Fisher,LAD,Rk,SP,R,19,2019,0,22,11
Matt Sauer,NYY,A,SP,R,20,2019,0,87.3,21
Michael Fulmer,DET,MLB,SP,R,26,2019,13,456,75
Brady Puckett,MIA,A+,SP,R,23,2019,0,506,88
Preston Gainey,MIL,AA,RP,R,27,2018,2,431,144
Ryan Brinley,WAS,AA,RP,R,26,2019,110,208.3,147
Dane Dunning,CHW,AA,SP,R,24,2019,0,34,7
Silvino Bracho,ARI,MLB,RP,R,26,2019,1,88.6,91
Drew Smith,NYM,MLB,RP,R,25,2019,0,28,27
Mark Leiter Jr.,TOR,MLB,RP,R,28,2019,28,114,47
Salvador Perez,KC,MLB,C,R,29,2019,3537,0,942
Trey Cobb,NYM,A+,RP,R,25,2019,0,279.3,154
Billy Sullivan,PHI,Coll,SP,R,20,2019,0,77.3,16
Chris Smith,DET,AAA,RP,R,30,2019,0,220,192
Spencer Strider,ATL,Coll,RP,R,20,2019,0,77.6,28
Graham Hoffman,BOS,Coll,RP,R,20,2019,30,15.3,13
Roniel Raudes,BOS,A+,SP,R,21,2019,0,357,73
Sal Giardina,ATL,AAA,C,R,27,2019,1138,7.1,364
Jerry Vasto,CHC,MLB,RP,L,27,2019,0,211,186
Peter Solomon,HOU,A+,SP,R,22,2019,0,273.3,85
Noah Bryant,KC,Rk,RP,R,20,2019,0,21.33,18
Stephen Greenlees,KC,Rk,RP,L,23,2019,0,43.3,25
Garrett Davila,KC,A,SP,L,22,2019,0,297.6,64
Ashe Russell,KC,Rk,SP,R,22,2019,0,38.3,13
Nolan Watson,KC,A+,SP,R,22,2019,0,340,82
Braidyn Fink,LAD,Coll,RP,L,21,2019,0,62.6,69
Carlos Suniaga,MIN,A,RP,R,22,2019,0,283,109
Michael Montero,MIN,Rk,SP,R,19,2019,0,92,25
Mason Feole,SD,Coll,SP,L,21,2019,0,291,55
Max Roberts,SEA,A-,SP,L,21,2019,0,66.6,20
Levi Stoudt,SEA,Coll,SP,R,21,2019,0,216,43
Lance McCullers Jr.,HOU,MLB,SP,R,24,2018,10,720.6,152
Franklyn Kilome,NYM,AA,SP,R,23,2018,0,472.3,95
Didi Gregorius,NYY,MLB,SS,R,28,2018,2772,0,769
Edgar Santana,PIT,MLB,RP,R,26,2018,4,284,210
Carson Ragsdale,PHI,Coll,RP,R,20,2018,61,57.6,43
Kale Emshoff,KC,Coll,C,R,20,2018,308,0,95
Shohei Ohtani,LAA,MLB,SP,R,23,2018,1752,618.3,102
Tylor Fischer,KC,HS,RP,R,20,2018,0,0,0
Chad Kuhl,PIT,MLB,SP,R,25,2018,92,756.6,187
Michael Kopech,CHW,MLB,SP,R,22,2018,0,410,89
Quintin Torres-Costa,MIL,AAA,RP,L,23,2018,3,313.3,199
Jose Mujica,TB,AAA,SP,R,22,2018,0,453.3,90
Travis MacGregor,PIT,A,SP,R,20,2018,0,143.6,38
Phil Coke,DET,MLB,RP,L,26,2018,3,421,407
Seth Romero,WAS,A,SP,L,22,2018,0,47.3,14
Francis Martes,HOU,Rk,SP,R,22,2018,0,428,113
Isaiah Carranza,CHW,Coll,SP,R,21,2018,0,185,49
Drake Owenby,MIL,Rk,RP,L,24,2018,0,282,111
Jacob Barnwell,COL,Rk,C,R,20,2018,422,0,136
Dustin Hunt,LAA,A+,SP,R,23,2018,0,377.3,91
Yasel Antuna,WAS,A,SS,R,18,2018,496,0,135
Johnny Cueto,SF,MLB,SP,R,32,2018,512,2040.3,288
Jairo Solis,HOU,A,SP,R,18,2018,0,112,28
Daniel Gossett,OAK,MLB,SP,R,25,2018,5,553,110
Boomer Biegalski,OAK,A+,SP,R,23,2018,0,353.3,87
Brent Suter,MIL,MLB,SP,L,28,2018,99,819.6,185
Kendall Graveman,OAK,AAA,SP,R,27,2018,5,432,83
Garrett Richards,LAA,MLB,SP,R,30,2018,14,745.6,170
Austin Franklin,TB,A,SP,R,20,2018,0,194.6,40
Graham Lawson,CHC,Coll,RP,R,22,2018,0,50.3,35
Cam Hill,CLE,AAA,RP,R,24,2018,0,266.3,157
Kyle Cody,TEX,Rk,SP,R,23,2018,0,178.3,37
Micker Adolfo,CHW,A+,OF,R,21,2018,1160,0,312
John Lamb,LAA,MLB,SP,L,27,2018,38,897.6,184
Sam Carlson,SEA,Rk,SP,R,19,2018,0,3,2
Brandon Leibrandt,PHI,AAA,SP,L,25,2018,0,400.3,86
Kyri Washington,BOS,A-,OF,R,23,2018,1365,0,380
Brandon Koch,TB,A+,RP,R,24,2018,0,155.3,109
Mitchell Kilkenny,COL,Coll,SP,R,21,2018,0,212.3,62
Alex Speas,TEX,A,RP,R,20,2018,0,70.6,40
Patrick Riehl,CIN,A,RP,R,24,2018,0,144.2,80
Chris Mathewson,LAD,A+,SP,R,23,2018,11,342.3,70
Sam Fuller,LAA,Rk,RP,R,19,2018,0,2,2
Anthony Banda,TB,AAA,SP,L,24,2018,56,726,149
Jose Adames,CIN,A,RP,R,25,2018,0,361.6,133
Sam Bordner,MIA,Coll,RP,R,21,2018,0,121.3,70
Drew Strotman,TB,A,RP,R,21,2018,0,250.6,69
Kevin Shackelford,CIN,MLB,SP,R,29,2018,6,478.3,295
Jordan Montgomery,NYY,MLB,SP,L,25,2018,3,483.3,97
Grant Hockin,CLE,A-,SP,R,22,2018,0,72.6,21
Caleb Dirks,ATL,AAA,RP,R,25,2018,3,176.6,130
Ryan Sherriff,STL,AAA,RP,L,28,2018,11,505,240
Gerson Moreno,DET,AA,RP,R,22,2018,0,243.3,156
Blake Wood,LAA,MLB,RP,R,32,2018,4,772.6,344
Skylar Szynski,OAK,Rk,SP,R,20,2018,0,13.3,7
Aaron Perry,BOS,HS,SP,R,18,2018,0,0,0
Keynan Middleton,LAA,MLB,RP,R,24,2018,0,377.6,187
Jay Groome,BOS,A,SP,L,19,2018,0,62,17
Lachlan Wells,MIN,A+,SP,L,21,2018,0,248.6,51
Collin Wiles,TEX,AA,SP,R,24,2018,0,595.3,125
Corey Seager,LAD,MLB,SS,R,24,2018,2888,0,745
Chad Hockin,CHC,A+,RP,R,23,2018,1,143.6,107
Breiling Eusebio,COL,A,SP,L,21,2018,0,231,52
Clay Aguilar,NYY,Coll,SP,L,19,2018,0,14.6,5
Matt Dermody,TOR,AAA,RP,L,27,2018,0,339.3,186
Josh Pennington,MIL,A,SP,R,22,2018,0,113,32
Kevin Gadea,TB,Rk,SP,R,23,2018,0,255.3,27
Gabe Klobosits,WAS,A+,RP,R,23,2018,0,124,69
Brac Warren,SF,Coll,RP,R,22,2018,0,85.3,73
Taijuan Walker,ARI,MLB,SP,R,25,2018,65,994.3,187
Dinelson Lamet,SD,MLB,SP,R,25,2018,48,412.3,85
Scott Williams,TEX,A+,RP,R,24,2018,0,136,99
JC Ramirez,LAA,MLB,SP,R,29,2018,27,1182.6,420
Travis d Arnaud,NYM,MLB,C,R,29,2018,3439,0,959
Matt Givin,MIA,Rk,SP,R,19,2018,0,23.3,7
Clayton Blackburn,TEX,AAA,SP,R,25,2018,66,762.6,151
Heath Donica,OAK,A-,SP,R,24,2018,0,253.3,51
A.J. Puk,OAK,AA,SP,L,23,2018,0,157.6,37
Ben Heller,NYY,MLB,RP,R,26,2018,0,253,216
Julian Fernandez,SF,A,RP,R,22,2018,0,148,128
Dalton Sawyer,OAK,A+,RP,L,24,2018,0,374,111
Dakota Chalmers,OAK,A,SP,R,21,2018,0,121.1,38
Colin Holderman,NYM,A,RP,R,22,2018,8,94.1,35
Grayson Huffman,TOR,A-,RP,L,23,2018,0,114.3,61
Pablo Ochoa,CHC,Rk,RP,L,20,2018,0,94,29
Wil Jensen,SF,Coll,SP,R,20,2018,0,130.3,21
Alex Dickerson,SD,MLB,OF,L,28,2018,2187,0,619
Rafael Montero,NYM,MLB,SP,R,27,2018,114,1503.3,177
Jacob Lindgren,ATL,A+,RP,L,25,2018,0,61,47
David Phelps,SEA,MLB,RP,R,31,2018,53,1387.6,321
Jharel Cotton,OAK,MLB,SP,R,26,2018,29,654.6,151
Scott Kobos,CHC,Coll,RP,L,20,2018,142,13,50
Jose De Leon,TB,A+,SP,R,25,2018,4,19.6,5
Julian Merryweather,CLE,AAA,SP,R,26,2018,0,381,83
Joe Mantiply,CIN,AAA,RP,L,27,2018,0,242.6,159
Tyler Spurlin,MIL,AA,RP,R,27,2018,1,193,146
Nick Ernst,NYY,Coll,RP,R,21,2018,0,102,46
Noah Davis,CIN,Coll,SP,R,21,2018,0,189,38
Corey Merrill,LAD,Coll,SP,R,23,2018,0,295,61
Mason Ward,PIT,Rk,RP,L,22,2018,0,168.6,83
Steven Gingery,STL,Coll,SP,L,20,2018,0,161.3,31
Elieser Medrano,TOR,Rk,RP,R,19,2018,0,23,6
Brent Honeywell,TB,AAA,SP,R,23,2018,0,431,84
Tyler Holton,ARI,Coll,SP,L,22,2018,92,204.6,43
Bryan Garcia,DET,HS,RP,R,23,2018,0,0,0
Christian Trent,MIL,Rk,SP,L,25,2018,0,267,55
Cullen Dana,SD,Coll,SP,L,20,2018,0,166.3,35
Andrew Bellatti,TB,AA,RP,R,26,2018,0,23.3,17
Luke Lanphere,TEX,A,SP,R,22,2018,0,229.3,57
Alger Hodgson,ATL,Rk,RP,R,19,2018,0,40,12
Brock Bell,BOS,HS,SP,R,20,2018,0,0,0
J.B. Olson,CHW,A,RP,R,23,2018,0,131.3,83
Kyle Thomas,DET,Rk,RP,R,23,2018,0,3,2
Bailey Horn,DET,HS,RP,L,20,2018,0,0,0
Nick Hernandez,HOU,AA,RP,R,23,2018,0,136,86
Ryan Thompson,HOU,AA,RP,R,25,2018,0,229.3,146
Chad Sykes,LAA,Coll,RP,R,22,2018,0,159.3,84
Kyle Molnar,LAA,Coll,SP,R,21,2018,0,101,20
Remey Reed,MIA,A,RP,R,23,2018,0,147,68
Randy LeBlanc,MIN,AA,SP,R,26,2018,1,647.3,151
Zach Featherstone,MIN,Rk,RP,L,22,2018,99,18.3,15
Jon Olsen,MIN,Coll,SP,R,21,2018,0,174.6,41
Montana Semmel,NYY,HS,RP,R,16,2018,0,0,0
Nik Turley,PIT,MLB,SP,L,28,2018,24,805,186
Erik Sabrowski,SD,HS,RP,L,20,2018,0,0,0
Luis Munoz,SEA,Rk,SP,R,21,2018,0,54,15
Patrick Ruotolo,SF,AA,RP,R,23,2018,0,270,195
Peter Maris,TB,AA,SS,R,24,2018,1702,1.3,489
Seth Nordlin,TEX,A-,SP,R,20,2018,0,90,25
Mike Ellenbest,TOR,A,SP,R,22,2018,0,294.6,62
Kevin Strohschein,WAS,Coll,OF,R,20,2018,896,0,220
Clayton Beeter,LAD,HS,RP,R,18,2017,0,0,0
Justin Hooper,KC,Coll,RP,L,20,2017,0,103,48
Andrew Vernon,MIL,A,RP,R,23,2017,0,253,140
Jason Morgan,CHW,Coll,SP,R,21,2017,0,167,53
Drew Storen,CIN,MLB,RP,R,29,2017,3,507.6,524
Jesen Therrien,PHI,MLB,RP,R,24,2017,2,345,190
Nash Walters,MIL,Rk,SP,R,20,2017,0,50.1,25
T.J. Rivera,NYM,MLB,2B,R,28,2017,2775,0,736
Sam Coonrod,SF,AA,SP,R,24,2017,28,284,106
Chase Ingram,NYM,A,SP,R,22,2017,0,188.3,47
Trevor Rosenthal,STL,MLB,RP,R,27,2017,21,610.3,394
Luis De Los Santos,NYM,A-,SP,R,23,2017,0,140.3,38
Grant Dayton,LAD,MLB,RP,L,29,2017,8,449.3,327
Jordan Humphreys,NYM,A+,SP,R,21,2017,0,168.2,33
Drew Rasmussen,MIL,HS,RP,R,21,2017,0,0,0
Justin Steele,CHC,A+,SP,L,21,2017,0,236.3,58
Kevin Gowdy,PHI,Rk,SP,R,19,2017,0,9,4
Peter Fairbanks,TEX,A+,SP,R,23,2017,0,177.3,46
Edinson Volquez,MIA,MLB,SP,R,33,2017,325,2203,405
Luis Cordero,MIL,Rk,RP,L,18,2017,0,29,12
Brett Eibner,LAD,AAA,OF,R,28,2017,220,3.3,87
Joe Record,MIN,Coll,SP,R,22,2017,0,109,27
Zack Burdi,CHW,AAA,RP,R,22,2017,0,71.3,55
Max Kuhns,NYM,A,RP,R,22,2017,94,107.6,81
Nick Longhi,CIN,AA,OF,L,21,2017,1323,0,340
Darren Shred,CIN,Rk,RP,R,19,2017,0,21.3,19
Chi Chi Gonzalez,TEX,AAA,SP,R,25,2017,0,485,88
Logan Harasta,SF,A-,RP,R,20,2017,1,163.6,70
Joe Ross,WAS,MLB,SP,R,24,2017,112,672,134
Thomas Szapucki,NYM,A,SP,L,21,2017,0,83.3,18
Michael Pineda,NYY,MLB,SP,R,28,2017,11,1140.3,217
Andre Rienzo,SD,AAA,SP,R,28,2017,19,892.3,234
Drew Smyly,SEA,MLB,SP,L,28,2017,4,736.6,192
Jason Foley,DET,A+,RP,R,21,2017,0,272.3,106
Wes Helsabeck,LAD,A+,RP,L,24,2017,0,211.6,77
Mario Sanchez,PHI,AA,RP,R,22,2017,1,332,124
Frankie Tostado,SF,HS,OF,L,19,2017,0,0,0
Patrick Weigel,ATL,AAA,SP,R,22,2017,0,276.6,54
Lucas Luetge,BAL,AAA,RP,L,30,2017,13,678.6,402
Zach Putnam,CHW,MLB,RP,R,29,2017,3,474,338
Andrew Miller,MIA,Coll,RP,L,20,2017,0,25.3,30
Jandel Gustave,HOU,MLB,RP,R,24,2017,0,332.3,184
Gleyber Torres,NYY,AAA,IF,R,20,2017,1349,0,356
Edgardo Sandoval,HOU,A,RP,R,20,2017,0,160.3,48
Braxton Garrett,MIA,A,SP,L,20,2017,0,15.3,4
Jordan Holloway,MIA,A,SP,R,21,2017,0,201,50
Joe Perez,HOU,HS,3B,R,17,2017,0,0,0
Matt Smith,MIL,A,SP,R,23,2017,0,383.3,64
Yosmer Leal,MIL,Rk,SP,R,21,2017,0,91.3,25
Brandon Walter,BOS,Coll,SP,L,20,2017,0,144.6,23
Noah Murdock,KC,Coll,SP,R,18,2017,0,38,11
Travis Herrin,LAA,A,RP,R,22,2017,0,130.3,42
Joel Huertas,NYM,A,RP,L,21,2017,0,141,49
Josh Roberson,MIA,Coll,RP,R,21,2017,0,107.6,45
Bo Tucker,LAA,Rk,RP,L,22,2017,0,131.6,65
Logan Gragg,STL,HS,RP,R,18,2017,0,0,0
Rob Wooten,CIN,AAA,RP,R,31,2017,6,514.3,389
Luis Mora,ATL,A,SP,R,22,2017,0,118,49
Shawn Tolleson,TB,MLB,RP,R,29,2017,3,350,326
Evan Grills,COL,AAA,RP,L,25,2017,0,523,143
Ian Gardeck,SF,A+,RP,R,26,2017,0,229.6,175
Shelby Miller,ARI,MLB,SP,R,26,2017,288,1144.6,214
Chase Johnson,SF,AAA,SP,R,25,2017,9,471.6,167
Blake Tiberi,NYM,HS,3B,R,22,2017,677,0,0
Clarke Schmidt,NYY,HS,SP,R,21,2017,0,0,0
Ryan O Rourke,MIN,MLB,RP,L,29,2017,2,404.3,279
Brady Rodgers,HOU,AAA,SP,R,26,2017,0,567,116
Mac Marshall,SF,A-,SP,L,21,2017,0,89.3,28
Yoiber Marquina,CLE,A,RP,R,21,2017,45,79,72
Michael Grove,LAD,Coll,SP,R,20,2017,0,92,25
Jean Cosme,SD,A+,SP,R,21,2017,0,201.6,55
Chris Muller,TB,HS,RP,R,21,2017,0,0,0
Blake Bass,TEX,A+,RP,R,24,2017,125,311.3,85
Daulton Jefferies,OAK,A+,SP,R,21,2017,0,18.3,7
Joe Palumbo,TEX,A+,RP,L,22,2017,0,231,76
Seth Simmons,SD,AA,RP,R,29,2017,9,480.3,291
John Pomeroy,PIT,Rk,RP,R,22,2017,0,38.3,42
Dariel Alvarez,BAL,AAA,OF,R,28,2017,1695,0,350
James Kaprielian,NYY,A+,SP,R,23,2017,0,29.3,8
Jensen Elliott,BAL,Coll,SP,R,20,2017,0,109.6,21
Witt Haggard,NYM,A,RP,R,25,2017,0,110,64
Mike Nikorak,COL,Rk,SP,R,20,2017,0,47,15
Ryan Koziol,SF,A,RP,R,23,2017,282,111.3,82
Clay Fisher,BAL,Coll,SS,R,21,2017,677,0,186
Michael McAvene,CHC,Coll,RP,R,19,2017,0,17.3,7
Josh Burgmann,CHC,Coll,RP,R,20,2017,0,13.6,8
Tejay Antone,CIN,AAA,SP,R,23,2017,0,369,67
Matt De La Rosa,BAL,Rk,3B,R,23,2017,719,42.6,139
Rayan Gonzalez,COL,AA,RP,R,26,2017,0,358.3,225
Trey Turner,WAS,Coll,RP,R,21,2017,7,13.3,7
Bo Schultz,TOR,MLB,RP,R,31,2017,44,592.6,297
Will Smith,SF,MLB,RP,L,27,2017,0,292.3,242
Connor Overton,SF,A+,RP,R,23,2017,0,162.6,113
Cody Anderson,CLE,MLB,SP,R,26,2017,3,620.6,138
Brock Love,MIA,Coll,RP,R,20,2017,0,46.6,17
Devin Williams,MIL,A+,SP,R,22,2017,0,287.3,72
Trevor May,MIN,MLB,SP,R,27,2017,23,982,253
Justin Alleman,SF,Rk,RP,R,23,2017,0,191.6,53
Alex Kirilloff,MIN,HS,OF,L,19,2017,0,0,0
Mason Cole,TEX,Coll,RP,R,19,2017,0,3,2
Luis Gamez,ATL,Rk,RP,R,20,2017,0,86.6,40
Cody Scroggins,BOS,Coll,RP,R,20,2017,49,5.6,7
Jeremy Kivel,CIN,A,RP,R,23,2017,0,182.6,100
Doug Norman,CIN,Coll,RP,R,21,2017,0,110.3,62
Xavier Fernandez,KC,A,C,R,21,2017,662,0,194
Jake Walkinshaw,OAK,Coll,RP,R,20,2017,0,95.3,47
Alex Reyes,STL,MLB,SP,R,22,2017,31,380.3,81
Jason Coats,CHW,MLB,OF,R,27,2017,1896,0,507
Rayan Hernandez,SF,A-,RP,R,21,2017,0,105.6,72
Keegan James,COL,Coll,RP,R,20,2017,0,25,14
Tristin English,ARI,Coll,1B,R,20,2017,222,0,60
Nick Meservey,BAL,Coll,SP,L,21,2017,0,126.6,37
Corey Zangari,CHW,Rk,1B,R,20,2017,637,0,164
Sarkis Ohanian,CIN,A+,RP,R,23,2017,1,216,151
Andy Cox,CIN,A,RP,L,23,2017,0,310.6,115
Nick Hanson,CIN,Rk,SP,R,19,2017,0,16.6,8
Andrew Wright,CIN,Rk,RP,L,22,2017,12,37.3,23
Javier Medina,COL,A-,SP,R,20,2017,0,73.6,18
Alex Haynes,COL,HS,SP,R,20,2017,0,0,0
Blair Calvo,COL,HS,SP,R,21,2017,0,0,0
Jose Urquidy,HOU,A+,SP,R,22,2017,0,163,35
C.J. Stubbs,HOU,Coll,SP,R,20,2017,33,106.3,26
Andrew Edwards,KC,AA,RP,R,25,2017,0,349.3,177
Stiward Aquino,LAA,Rk,SP,R,18,2017,0,29.3,9
Victor Gonzalez,LAD,A,SP,L,21,2017,0,253.6,64
Nick Robertson,LAD,HS,RP,R,19,2017,0,0,0
Joe Mortillaro,LAD,Rk,SP,R,23,2017,0,153,45
Alec Gamboa,LAD,HS,SP,L,20,2017,0,0,0
Peyton Burdick,MIA,Coll,OF,R,20,2017,194,0,63
Josh Simpson,MIA,Coll,SP,L,19,2017,0,124,33
Miguel De Jesus,MIN,Rk,SP,R,21,2017,0,11.6,29
Jhony Brito,NYY,A-,SP,R,19,2017,0,62.6,16
Yancarlos Baez,NYY,Rk,SS,R,21,2017,577,25.6,159
Evan Voliva,NYY,Coll,RP,R,20,2017,0,34.3,33
Michael Murray,OAK,A,SP,R,23,2017,0,422,75
Dylan Shockley,PIT,HS,C,R,20,2017,0,0,0
Steven Wilson,SD,Coll,SP,R,22,2017,0,216,38
Bryan Pall,SEA,Coll,RP,R,21,2017,1,79.3,60
Kervin Castro,SF,Rk,RP,R,18,2017,0,21,13
Jasier Herrera,SF,Rk,RP,R,19,2017,0,33.6,27
Jesus Reyes,SF,Rk,SP,R,20,2017,9,281.3,68
Rafael Martinez,SF,HS,RP,R,17,2017,0,0,0
Kwang Hyun Kim,STL,AAA,SP,L,28,2017,2,1347.6,242
Glen Richardson,TEX,HS,RP,R,18,2017,0,0,0
John King,TEX,HS,SP,L,22,2017,0,0,0
Joseph Jarneski,TEX,Rk,RP,R,17,2017,0,6,8
Daniel Robert,TEX,Coll,1B,R,22,2017,653,15.3,196
Colin Rea,SD,MLB,SP,R,25,2016,51,618,150
Bryan Harper,WAS,AAA,RP,L,26,2016,4,233,190
Andre Jackson,LAD,Coll,OF,R,20,2016,281,28.3,128
Miguel Yajure,NYY,Rk,SP,R,18,2016,0,88.3,23
Yimi Garcia,LAD,AA,RP,R,25,2016,4,403.6,285
Ryan Cook,SEA,Rk,RP,R,29,2016,9,622,362
J.B. Wendelken,OAK,MLB,RP,R,23,2016,0,363.6,162
Josh Prevost,NYM,A+,SP,R,24,2016,0,372.6,85
Andro Cutura,MIN,A,SP,R,22,2016,0,347.6,63
Zach Duke,STL,MLB,SP,L,33,2016,360,1949.6,580
Erik Johnson,SD,MLB,SP,R,26,2016,7,642,116
Anthony Kay,NYM,Coll,SP,L,21,2016,0,333.3,69
Chuck Weaver,MIA,A,SP,R,25,2016,0,396.3,70
Cesar Gonzalez,DET,Rk,OF,R,21,2016,587,0,172
Doug Willey,LAA,Rk,RP,R,24,2016,1,146.6,102
Raymond Burgos,CLE,HS,SP,L,17,2016,0,0,0
Scott Engler,TEX,Rk,RP,R,19,2016,0,7,4
Brooks Kriske,NYY,A-,RP,R,22,2016,0,136.6,84
Jake Zokan,SEA,A+,SP,L,25,2016,0,365,113
Derek Hill,DET,A,OF,R,20,2016,767,0,193
James Jones,TEX,A,RP,R,27,2016,0,220.6,158
Nathan Eovaldi,NYY,MLB,SP,R,26,2016,170,1103,221
Nick Tropeano,LAA,MLB,SP,L,25,2016,1,704,135
Chris Paddack,SD,A,SP,R,20,2016,0,87.6,20
Troy Rallings,LAA,Coll,RP,R,22,2016,0,193,94
Dalton Geekie,ATL,A,RP,R,21,2016,0,73.3,48
Jorge Ortega,MIL,AA,SP,R,23,2016,16,536.3,96
Sean Nolin,MIL,MLB,SP,L,26,2016,0,517,114
Stephen Ridings,CHC,HS,SP,R,20,2016,0,0,0
Dace Kime,CLE,A-,SP,R,24,2016,0,537,168
Kody Clemens,DET,Coll,SS,R,20,2016,215,0,57
Cre Finfrock,TOR,Coll,SP,R,20,2016,0,189.6,34
Andrew Lee,WAS,A,SP,R,22,2016,288,206.3,78
Hunter Harvey,BAL,A-,SP,R,21,2016,0,125.6,30
Adrian Perez,LAD,HS,RP,R,18,2016,0,0,0
Adrian Houser,MIL,AA,SP,R,23,2016,25,457,103
Jon Moscot,CIN,AAA,SP,R,24,2016,61,481.3,95
Kyle Survance,LAA,Rk,OF,R,22,2016,900,0,246
Malcolm Van Buren,KC,HS,SP,R,18,2016,0,0,0
Matt Rowland,ATL,HS,SP,R,18,2016,0,0,0
Sam Hentges,CLE,A,SP,L,19,2016,0,129,35
Francisco Lopez,CLE,Rk,SP,R,21,2016,0,65.3,23
Chad Donato,HOU,Coll,SP,R,21,2016,0,196.3,34
Andrew Heaney,LAA,MLB,SP,L,25,2016,47,479,89
Chris Thomas,STL,AA,RP,R,28,2016,2,181,133
Jonas Wyatt,CLE,Rk,RP,R,18,2016,0,16.6,8
Tyler Benninghoff,MIN,HS,SP,R,18,2016,0,0,0
Adam Parks,TEX,AA,RP,R,23,2016,0,148.6,93
Carlos Luna,MIL,Rk,RP,R,19,2016,0,89,21
Ryan Williamson,WAS,Coll,SP,L,21,2016,0,155.3,49
Hever Bueno,TEX,Coll,RP,R,21,2016,0,93.6,54
Daniel Webb,CHW,MLB,RP,R,26,2016,0,408.6,226
Jose Garcia,NYM,HS,C,R,21,2016,0,0,0
Pedro Perez,NYM,A-,3B,R,21,2016,824,3,249
Martin Agosta,SF,A+,SP,R,25,2016,1,496,107
Logan Webb,SF,A,SP,R,19,2016,0,106.3,26
Justin Marsden,TB,Rk,RP,R,19,2016,0,14.3,6
Carson Smith,BOS,MLB,RP,R,26,2016,0,235,216
Alexis Diaz,CIN,Rk,RP,R,19,2016,0,13,9
Dante Biasi,KC,HS,SP,L,18,2016,0,0,0
Connor Lehmann,SD,Coll,SP,R,19,2016,0,59.6,23
Elliot Ashbeck,SD,A+,SP,R,22,2016,216,256,70
Wyatt Strahan,CIN,A+,SP,R,23,2016,0,441.6,96
Robbie Erlin,SD,MLB,SP,L,25,2016,91,723,151
Michael Gibbons,NYM,A+,SP,R,23,2016,0,69.3,12
Pablo Fernandez,LAD,A+,RP,R,26,2016,0,457.6,187
Tyler Cloyd,NYY,AAA,SP,R,29,2016,71,838.6,204
Chris Bassitt,OAK,MLB,SP,R,27,2016,2,530.6,138
Gray Fenter,BAL,Rk,SP,R,20,2016,0,21.6,9
Nic Enright,CLE,Coll,RP,R,19,2016,0,38,12
Jonathan Loaisiga,NYY,A,SP,R,21,2016,0,71,14
Dylan Brooks,SF,Rk,RP,R,20,2016,0,73.3,43
Ryan Brett,TB,AAA,2B,R,24,2016,1810,0,460
Cobi Johnson,TOR,Coll,RP,R,20,2016,1,79.3,38
Zach Plesac,CLE,Coll,SP,R,21,2016,105,250,55
Branden Pinder,NYY,MLB,RP,R,27,2016,1,282,186
Harrison Cooney,LAA,A+,SP,R,24,2016,0,453.6,140
Miguel Del Pozo,MIA,A+,RP,L,23,2016,0,223.6,117
Tarik Skubal,DET,Coll,SP,L,19,2016,0,126,25
Nick Rumbelow,NYY,AAA,RP,R,24,2016,0,149.6,117
Marco Gonzales,STL,AAA,SP,L,24,2016,37,263.3,58
Jon Wandling,TOR,A,SP,R,24,2016,102,161.3,39
Zach Becherer,ATL,HS,RP,R,21,2016,0,0,0
Jimmy Reed,STL,AA,SP,L,25,2016,7,559.6,125
Felix Doubront,OAK,MLB,SP,L,28,2016,13,1204,267
Jacob Lee,CLE,AA,SP,R,26,2016,0,421.3,139
Manny Parra,CHC,MLB,SP,L,33,2016,212,1218,444
Tyler Kolek,MIA,A,SP,R,20,2016,0,130.6,34
Frank Batista,CHC,AAA,RP,R,27,2016,14,561,297
Lance Thonvold,SEA,A-,RP,R,22,2016,0,124,78
Deiyerbert Bolivar,SF,Rk,SP,L,20,2016,0,94.3,23
Milton Gomez,MIL,Rk,SP,R,22,2016,0,257,70
Chaz Hebert,NYY,AAA,SP,L,23,2016,0,302.6,69
Daniel Missaki,SEA,A,SP,R,20,2016,0,106,24
Jesus Luzardo,WAS,HS,SP,L,18,2016,0,0,0
Jairo Diaz,COL,MLB,RP,R,25,2016,203,447.3,232
Joel Bender,CIN,AAA,RP,L,24,2016,2,328.6,156
Andrew McKirahan,ATL,MLB,RP,L,26,2016,2,154.3,123
Carter Capps,MIA,MLB,RP,R,25,2016,2,245,191
Jeremy Randolph,STL,Coll,SP,R,20,2016,0,48.3,14
Ryan Miller,ARI,HS,RP,R,20,2016,0,0,0
Kyle Serrano,HOU,Coll,SP,R,20,2016,0,154,51
Travis Radke,SD,A+,SP,L,23,2016,0,270,63
Kodi Whitley,STL,Coll,SP,R,21,2016,0,160,30
Aaron Fletcher,WAS,Coll,RP,L,20,2016,0,34.6,25
John Parke,CHW,Coll,RP,L,21,2016,0,12.6,15
Derek West,HOU,HS,SP,R,19,2016,0,0,0
Adrian Martinez,SD,Rk,RP,R,18,2016,0,16.3,7
Brett Morales,NYY,Coll,RP,R,21,2016,0,60,27
Ty Duvall,SEA,HS,C,R,18,2016,0,0,0
Garrett Hill,DET,HS,SP,R,19,2016,0,0,0
Kyle Kinman,ATL,AA,RP,L,25,2016,1,96,76
Erick Leal,CHC,A+,SP,R,21,2016,0,419,84
Andy Parrino,CHW,AAA,SS,R,30,2016,246,0,131
Aaron Soto,CHW,Coll,RP,L,20,2016,1,84.6,26
Tyler Osik,CHW,Coll,3B,R,19,2016,101,0,32
Adrian Rodriguez,CIN,Rk,SP,R,19,2016,0,83.6,21
Matt Pidich,CIN,Coll,RP,R,21,2016,0,22.3,15
Anderson Polanco,CLE,A+,SP,L,23,2016,0,380.3,113
Andrew Lantrip,CLE,Coll,SP,R,21,2016,1,246.6,45
Johan Belisario,DET,A+,RP,R,22,2016,0,289,144
Devin Conn,HOU,HS,RP,R,19,2016,0,0,0
Joseph Markus,KC,Rk,RP,L,20,2016,0,31,12
Austin Lambright,KC,Coll,RP,L,21,2016,0,52.6,30
Julian Smith,LAD,HS,SP,L,19,2016,0,0,0
Aaron Ochsenbein,LAD,Coll,RP,R,20,2016,0,11.3,8
Ethan Small,MIL,Coll,RP,L,19,2016,0,30.3,22
Jordan Gore,MIN,Coll,SS,R,21,2016,223,0,81
Michel Otanez,NYM,Rk,SP,R,18,2016,0,21.3,5
Edwin German,NYM,Rk,SP,R,23,2016,0,61,14
Zach Green,PHI,HS,1B,R,22,2016,0,0,0
Grant Dyer,PHI,A,RP,R,20,2016,0,275.6,103
Ryan Valdes,PIT,Coll,RP,R,22,2016,17,86,24
Nathan Bannister,SEA,Coll,RP,R,22,2016,0,276,68
Luis Amaya,SF,Rk,RP,L,17,2016,0,53,25
Evan Van Hoosier,TEX,AA,2B,R,22,2016,977,0,252
Cole Uvila,TEX,Coll,RP,R,22,2016,0,77.3,19
Travis Bergen,TOR,A-,RP,L,22,2016,0,10.3,7
Nick Allgeyer,TOR,Coll,RP,L,20,2016,0,47,32
Jackson Stoeckinger,WAS,HS,SP,L,20,2016,0,0,0
Hunter McMahon,WAS,HS,SP,R,18,2016,0,0,0
Reid Schaller,WAS,HS,SP,R,19,2016,0,0,0
Lance Lynn,STL,MLB,SP,R,28,2015,280,1205.6,227
Casey Sadler,PIT,AAA,SP,R,24,2015,40,578.3,144
Jaimito Lebron,SD,Rk,RP,R,18,2015,0,57,25
Shane McClanahan,TB,HS,RP,L,18,2015,0,0,0
Mason Hope,MIA,A,SP,R,23,2015,0,199.3,50
Cameron Griffin,NYM,A,RP,R,24,2015,62,89.6,71
Jesse Biddle,PHI,AAA,SP,L,23,2015,42,677.3,133
Branden Kline,BAL,AA,SP,R,23,2015,0,230,45
Greg Holland,KC,MLB,RP,R,29,2015,0,572.3,449
Tyson Perez,HOU,AAA,RP,R,25,2015,0,407.3,165
Cameron Avila-Leeper,SF,Coll,RP,L,19,2015,0,3,2
Aaron Barrett,WAS,MLB,RP,R,27,2015,1,233,226
Peter Strzelecki,MIL,HS,SP,R,20,2015,0,0,0
Li-Jen Chu,CLE,A-,C,R,21,2015,312,0,90
Paco Rodriguez,ATL,AAA,RP,L,24,2015,1,137.6,181
Nathan Kirby,MIL,A,SP,L,21,2015,0,222.6,59
Marcos Molina,NYM,A+,SP,R,20,2015,0,246,53
Angel Sanchez,PIT,AAA,SP,R,25,2015,28,620,121
Saul De La Cruz,PIT,HS,RP,R,17,2015,0,0,0
Keaton Aldridge,NYM,Rk,C,R,22,2015,594,6,203
David Ramos,WAS,A-,RP,R,23,2015,0,121,77
James Needy,SD,AA,SP,R,24,2015,24,575.6,133
Dylan Dusek,SF,Coll,SP,L,20,2015,0,107.3,25
Ricardo Rodriguez,TEX,A,RP,R,22,2015,0,216.6,73
Aaron Bummer,CHW,Rk,RP,L,21,2015,0,225.3,74
Taylor Williams,MIL,A+,SP,R,23,2015,0,280.3,54
Jason Vargas,KC,MLB,SP,L,32,2015,110,1699.6,313
Walker Buehler,LAD,Coll,SP,R,20,2015,0,267,54
Nate Adcock,CIN,MLB,SP,R,27,2015,15,891.6,249
Morgan Lofstrom,CIN,Rk,C,R,19,2015,191,62,0
Hector Garcia,PIT,A-,RP,L,19,2015,0,109.6,37
Fernery Ozuna,ARI,A-,2B,R,19,2015,835,0,210
Brian Hunter,CIN,A,RP,R,22,2015,354,279,98
Brusdar Graterol,MIN,Rk,SP,R,16,2015,0,11,4
Blake Taylor,NYM,A-,SP,L,19,2015,0,74,24
Jack Leathersich,NYM,MLB,RP,L,24,2015,0,244,195
Wesley Rodriguez,ARI,HS,RP,R,18,2015,0,0,0
Matt Trowbridge,BAL,A,RP,L,22,2015,0,132,69
Greg Maisto,TB,A-,SP,L,20,2015,0,56.3,15
Jonah Wesely,LAA,A,RP,L,20,2015,0,66.6,39
Chris Betts,TB,HS,C,R,18,2015,0,0,0
Mark Armstrong,CIN,A,SP,R,20,2015,0,129.3,29
Blake Hickman,CHW,Coll,SP,R,21,2015,151,154.3,41
Josh Goossen-Brown,CHW,Rk,RP,R,24,2015,481,124.3,72
Michael Smith,LAA,A+,RP,R,25,2015,0,302,170
Mitch McIntyre,MIL,Coll,RP,R,20,2015,0,12.3,8
Don Kelly,MIA,MLB,OF,R,35,2015,1098,0,584
Shane Combs,CHC,HS,RP,R,18,2015,0,0,0
Nick Christiani,CIN,AA,RP,R,27,2015,9,354,278
Sergio Santos,NYY,MLB,RP,R,31,2015,3114,256.3,263
Glenn Sparkman,KC,AA,SP,R,23,2015,0,177.6,53
Jacob Taylor,PIT,Rk,SP,R,19,2015,0,2,1
Pavin Smith,ARI,Coll,1B,L,19,2015,270,0,68
Marcus Greene,TEX,A,C,R,20,2015,468,0,138
Nick Vander Tuig,SF,A+,SP,R,23,2015,0,373.3,95
Keegan Thompson,CHC,Coll,SP,R,20,2015,134,159.3,26
Jace Fry,CHW,A+,SP,L,21,2015,0,277.6,52
Jordan Dunatov,CLE,Rk,RP,R,22,2015,33,12.3,16
Tyler Brown,HOU,HS,RP,R,16,2015,0,0,0
Marc Magliaro,COL,Rk,RP,R,24,2015,0,63,50
Eduardo Vera,PIT,Rk,RP,R,20,2015,0,133,51
Brandon Workman,BOS,MLB,SP,R,26,2015,3,560.6,118
Joe Harvey,NYY,A,RP,R,23,2015,0,175,88
Riley Thompson,CHC,HS,RP,R,18,2015,0,0,0
Zeke McGranahan,BAL,A,RP,R,24,2015,0,96.6,40
Kent Emanuel,HOU,AA,SP,L,23,2015,0,517.3,98
Cody Morris,CLE,HS,SP,R,18,2015,0,0,0
Kevin Krause,PIT,A-,C,R,22,2015,642,0,184
Yomar Morel,CHC,A-,RP,R,21,2015,0,115.3,48
Bryan Hoeing,MIA,HS,RP,R,18,2015,0,0,0
Delvin Hiciano,PIT,Rk,RP,R,23,2015,0,22.6,15
Walker Weickel,SD,A+,SP,R,21,2015,0,250.6,65
Justin Garza,CLE,Coll,SP,R,21,2015,0,252.6,41
Nick Kingham,PIT,AAA,SP,R,23,2015,20,534.6,103
James Bourque,WAS,A-,RP,R,21,2015,0,177.3,75
Dylan Baker,CLE,A+,SP,R,23,2015,0,242,54
Kenny Mathews,CLE,Rk,SP,L,21,2015,0,136.6,37
Chase Whitley,NYY,MLB,RP,R,26,2015,5,440.3,197
Victor Diaz,MIL,A,RP,R,21,2015,0,204.3,56
Alex Cobb,TB,MLB,SP,R,27,2015,11,1119.6,206
Ramire Cleto,SEA,A,SP,R,22,2015,0,237.6,62
Homer Bailey,CIN,MLB,SP,R,29,2015,347,1599,287
Matt Magill,CIN,AAA,SP,R,25,2015,57,774.3,178
Adam Ottavino,COL,MLB,RP,R,29,2015,103,954.6,342
Davis Ward,STL,Rk,SP,R,23,2015,0,230.3,34
Anthony Castro,DET,Rk,SP,R,20,2015,1,168.6,39
Domingo Tapia,NYM,AA,SP,R,23,2015,0,437.6,94
Derek Casey,CHC,Coll,SP,R,19,2015,0,32.3,10
Donald Lutz,CIN,AAA,OF,R,26,2015,2486,0,707
Reid Redman,KC,AA,RP,R,26,2015,584,121.6,83
Austin DeCarr,NYY,Rk,RP,R,20,2015,0,23.3,11
Brandon McCarthy,LAD,MLB,SP,R,31,2015,77,1650,322
Joe Nathan,DET,MLB,RP,R,40,2015,291,1247.3,659
Justin Topa,PIT,A,SP,R,24,2015,0,285,72
Brady Feigl,ATL,AAA,RP,L,24,2015,0,112.3,48
Lisalverto Bonilla,TEX,MLB,RP,R,25,2015,1,485.3,202
Jake Sweaney,PHI,Rk,OF,R,20,2015,128,0,56
Reilly Hovis,MIA,Coll,RP,R,21,2015,0,124.6,69
Mike Matuella,TEX,Coll,SP,R,21,2015,0,145.6,43
Lewis Thorpe,MIN,A,SP,L,19,2015,0,157.6,36
Jose Pena,NYY,Rk,RP,R,24,2015,0,196.3,87
Aaron Crow,MIA,MLB,RP,R,28,2015,0,433.3,293
Mario Hollands,PHI,MLB,SP,L,26,2015,10,478,154
Jesse Beal,BAL,A+,RP,R,24,2015,0,368.6,127
B.J. Hermsen,MIN,A+,SP,R,25,2015,0,601.3,135
Burch Smith,TB,AAA,SP,R,25,2015,29,367,83
James Carter,LAD,Coll,RP,R,21,2015,0,9.6,7
Christian Vazquez,BOS,MLB,C,R,24,2015,2338,0,672
Jacob Webb,ATL,Rk,SP,R,21,2015,0,33.6,11
Drew Anderson,PHI,Rk,SP,R,21,2015,0,148.6,34
Matt Brill,ARI,Coll,RP,R,20,2015,215,11.3,9
Jose Rosario,CHC,A+,SP,R,24,2015,0,437.6,115
Orlando Razo,SEA,Coll,RP,L,20,2015,0,75,28
Wil Crowe,WAS,Coll,SP,R,20,2015,0,143,24
Domingo German,NYY,A,SP,R,22,2015,0,293.6,77
Ty Hensley,NYY,A-,SP,R,21,2015,0,42.6,16
Jordan Romano,TOR,Rk,RP,R,22,2015,0,68.6,42
Zack Wheeler,NYM,MLB,SP,R,25,2015,107,676.6,130
Will Remillard,CHC,A,C,R,22,2015,556,0,162
Brady Aiken,CLE,HS,SP,L,18,2015,0,0,0
Bryce Beeler,NYM,Rk,RP,R,22,2015,341,50.3,36
A.J. Minter,ATL,Coll,RP,L,21,2015,0,66,59
Cal Quantrill,SD,Coll,SP,R,20,2015,0,129.3,21
Joel Hanrahan,DET,MLB,RP,R,33,2015,149,1389,524
Mason Thompson,SD,HS,SP,R,17,2015,0,0,0
Josh Edgin,NYM,MLB,RP,L,28,2015,1,257,258
Yu Darvish,TEX,MLB,SP,R,28,2015,47,1813.6,250
Nick Sabo,SF,Rk,SP,L,22,2015,0,137,40
Tim Collins,KC,MLB,RP,L,25,2015,1,476.3,402
Brandon Cumpton ,PIT,MLB,SP,R,26,2015,61,614,125
Sean Johnson,HOU,Coll,RP,R,20,2015,0,1,1
Robby Sexton,BOS,Coll,SP,L,21,2015,0,138.3,29
Aaron Fossas,CIN,Coll,RP,R,22,2015,0,75,44
Kyle Smith,HOU,AA,SP,R,22,2015,0,323,66
Bailey Ober,MIN,Coll,SP,R,19,2015,0,106.6,17
Shae Simmons,ATL,MLB,RP,R,24,2015,1,246.6,161
Onas Farfan,MIN,Rk,RP,L,22,2015,0,15,6
Andrew McDonald,CIN,Coll,RP,R,20,2015,0,16.3,10
Carlos Aponte,MIN,Rk,RP,R,19,2015,0,78.3,42
Derick Velazquez,HOU,A-,RP,R,21,2015,0,155,63
Christian Taugner,MIL,Coll,SP,R,20,2015,0,52.6,8
Casey Kulina,ARI,Coll,RP,L,22,2015,0,26,27
Tyler Poulin,ARI,HS,SP,R,18,2015,0,0,0
Jacob Dahlstrand,BOS,A+,SP,R,23,2015,1,293.3,72
Brian Van Belle,BOS,HS,SP,R,18,2015,0,0,0
Jacob Steffens,CHC,Coll,RP,R,21,2015,0,111.3,32
Cole Sulser,CLE,AA,SP,R,25,2015,0,292.3,59
Nick Bush,COL,HS,RP,L,18,2015,0,0,0
Eduardo Sanchez,DET,A+,RP,R,26,2015,2,474,396
Zac Reininger,DET,A+,RP,R,22,2015,0,121.3,82
Andres Machado,KC,Rk,RP,R,22,2015,0,110.6,42
Sam Lewis,KC,Rk,RP,R,23,2015,0,85.3,29
Matt Wynne,KC,Coll,SP,R,21,2015,0,23,8
Cesar Araujo,LAA,Rk,RP,R,18,2015,0,19,14
Ryan Etsell,LAA,A+,SP,R,23,2015,0,237.6,65
Reza Aleaziz,LAD,HS,RP,R,19,2015,0,0,0
Angel Vasquez,PIT,Rk,RP,R,21,2015,0,36,25
Yerry De Los Santos,PIT,Rk,SP,R,17,2015,0,59,14
Reid Morgan,SEA,HS,RP,R,18,2015,0,0,0
Caleb Simpson,SF,Rk,RP,R,23,2015,0,7.6,8
Eric Lex,STL,Coll,SP,R,19,2015,0,58.6,14
Nicholas Sawyer,TB,A+,RP,R,23,2015,0,132,90
Nicholas Padilla,TB,HS,SP,R,18,2015,0,0,0
Greg Williams,TEX,Rk,RP,L,25,2015,0,82.3,57
Lucas Knowles,WAS,HS,SP,L,16,2015,0,0,0
Matt Lloyd,CIN,HS,1B,R,18,2014,0,0,0
Jason Bilous,CHW,HS,SP,R,16,2014,0,0,0
Garrett Gould,LAD,AA,SP,R,22,2014,21,493.3,86
Morgan Cooper,LAD,Coll,RP,R,19,2014,0,56,29
Mason Melotakis,MIN,AA,RP,L,23,2014,0,216.6,96
Jeremy Hefner,NYM,MLB,SP,R,28,2014,108,1005,203
Joan De La Cruz,MIL,Rk,SP,L,19,2014,0,121.6,35
Jeff Ibarra,SD,AA,RP,L,26,2014,1,301.3,254
Mark Clark,TB,Rk,C,R,18,2014,17,0,7
Jonny Venters,ATL,MLB,SP,L,29,2014,19,684.3,333
Matt Whitehouse,CLE,A,SP,L,23,2014,0,250,69
Matt DeRosier,WAS,A-,RP,R,19,2014,0,78.6,25
Johnny Magliozzi,NYM,A-,RP,R,22,2014,0,134,72
Max Fried,SD,A,SP,L,20,2014,0,147,38
Neil Wagner,TOR,Rk,RP,R,30,2014,0,548,422
Tyler Saladino,CHW,AAA,SS,R,24,2014,1872,0,508
Tyler Skaggs,LAA,MLB,SP,L,22,2014,82,682.6,129
Adrian Grullon,PIT,Rk,SP,R,21,2014,0,58,22
Ramon Morla,SEA,AA,3B,R,24,2014,1856,6.3,501
Mikey York,TB,HS,RP,R,20,2014,0,0,0
Dillon Peters,MIA,Coll,SP,L,21,2014,0,228.6,55
Stephen Fife,LAD,AAA,SP,R,27,2014,82,742.3,157
Steven Inch,PHI,A+,RP,R,23,2014,0,151.3,80
Marvin Gorgas,SEA,Rk,RP,R,18,2014,0,2.6,2
Nate Jones,CHW,MLB,RP,R,28,2014,0,559,305
Hector Hernandez,ARI,A,SP,L,23,2014,0,590.3,161
Tyler Chatwood,COL,MLB,SP,R,24,2014,84,785,160
Dylan Cease,CHC,HS,SP,R,18,2014,0,0,0
Dustin Houle,MIL,Rk,C,R,20,2014,378,0,100
Trevor Bell,CIN,MLB,SP,R,27,2014,6,750,217
Bronson Arroyo,ARI,MLB,SP,R,37,2014,716,3469.6,588
Tom Robson,TOR,A,SP,R,21,2014,0,107,24
Kyle Keith,TEX,HS,RP,R,19,2014,0,0,0
Sam Demel,LAD,AAA,RP,R,28,2014,5,436.6,362
Ben Leeper,CHC,HS,RP,R,17,2014,0,0,0
Daniel Winkler,COL,AA,SP,R,24,2014,4,512,94
Jacob Bosiokovic,COL,Coll,1B,R,20,2014,362,0,103
Endrys Briceno,DET,A+,SP,R,22,2014,0,331.6,82
Fernando Romero,MIN,A,SP,R,19,2014,0,88,29
Chris Flexen,NYM,A,SP,R,19,2014,0,170,31
Derek Law,SF,AA,RP,R,23,2014,0,180.3,131
Tyler Higgins,MIA,AA,RP,R,23,2014,3,123.6,85
Matt Wieters,BAL,MLB,C,R,28,2014,3210,0,903
Daniel Moskos,LAD,AAA,RP,L,28,2014,14,488.3,258
Jeff Walters,NYM,AAA,RP,R,26,2014,0,207,129
Ryan Brasier,LAA,MLB,RP,R,26,2014,1,535,303
Eduardo Jimenez,DET,Rk,SP,R,19,2014,0,104,27
Sean Burnett,LAA,MLB,RP,L,31,2014,86,1167,532
Jared Ruxer,LAA,Coll,SP,R,21,2014,0,244.3,65
Duke Welker,PIT,AAA,RP,R,28,2014,2,486.6,246
Chris Withrow,LAD,MLB,SP,R,25,2014,83,527.3,180
Erick Fedde,WAS,Coll,SP,R,21,2014,0,293.6,46
Heath Holder,COL,Coll,RP,R,21,2014,98,20.6,19
Dietrich Enns,NYY,A+,RP,L,23,2014,0,277.3,114
Matt Purke,WAS,AA,SP,L,23,2014,5,219.6,53
Jose Cisnero,HOU,MLB,SP,R,25,2014,14,566.3,155
Brad Renner,CHC,Rk,RP,R,23,2014,0,6,4
Randy Rosario,MIN,A,SP,L,20,2014,0,129.6,35
Keith Butler,STL,AAA,RP,R,25,2014,2,289,209
Scott McGough,MIA,AA,RP,R,24,2014,11,230.6,154
Clinton Hollon,TOR,Rk,SP,R,19,2014,0,17.3,6
Anthony Fernandez,SEA,AAA,SP,L,24,2014,0,673.3,144
Chad Jones,CIN,Rk,RP,L,25,2014,0,12.3,16
Martin Perez,TEX,MLB,SP,L,23,2014,6,797.3,163
Jose Fernandez,MIA,MLB,SP,R,21,2014,66,362.6,63
Raul Alcantara,OAK,AA,SP,R,21,2014,0,404.3,83
Jeff Hoffman,TOR,Coll,SP,R,21,2014,0,305,54
Tyler Bashlor,NYM,Rk,RP,R,21,2014,0,15.6,13
Danny Rosenbaum,WAS,AAA,1B,R,26,2014,667,0,244
James Marvel,PIT,Coll,SP,R,20,2014,0,67.3,14
Matt Reistetter,WAS,A-,C,R,22,2014,522,1,153
Brad Kuntz,MIL,Coll,RP,L,21,2014,1,164.3,51
Pete Kelich,SD,A,SP,R,23,2014,0,345,59
A.J. Griffin,OAK,MLB,SP,R,26,2014,4,571.3,115
Ivan Nova,NYY,MLB,SP,R,27,2014,14,1146,203
Johnny Hellweg,MIL,AAA,SP,R,25,2014,45,507.6,170
Mac Williamson,SF,A+,OF,R,23,2014,32,0,10
Vicente Campos,NYY,A,SP,R,21,2014,0,283,71
Josh Johnson,SD,MLB,SP,R,30,2014,318,1412,254
Ben Smith,HOU,Coll,SP,L,21,2014,0,207,50
Matt Moore,TB,MLB,SP,L,25,2014,6,848.6,163
Junior Morillo,CIN,A,SP,L,22,2014,0,271.3,72
Matt Krook,SF,Coll,SP,L,19,2014,0,45.3,8
Cory Gearrin,ATL,MLB,RP,R,28,2014,5,381.3,304
Brian Moran,LAA,AAA,RP,L,25,2014,0,288,199
Braden Webb,MIL,HS,SP,R,19,2014,0,0,0
Wes Benjamin,TEX,Coll,SP,L,20,2014,0,224.6,37
Bobby Parnell,NYM,MLB,RP,R,29,2014,42,828,426
Erik Davis,WAS,MLB,SP,R,27,2014,23,555,201
Ross Stripling,LAD,AA,SP,R,24,2014,19,415.3,81
Kyle Hart,BOS,Coll,SP,L,21,2014,0,203,39
Corey Williams,MIN,AA,RP,L,23,2014,0,159.6,119
Jeff Burke,SF,Coll,SP,R,21,2014,0,164.6,56
Nick McBride,TEX,A+,SP,R,23,2014,0,350,101
Robert Calvano,STL,Coll,RP,R,21,2014,0,4,2
Bruce Rondon,DET,MLB,RP,R,23,2014,0,254.3,200
Patrick Corbin,ARI,MLB,SP,L,24,2014,165,746,134
Jarrod Parker,OAK,MLB,SP,R,25,2014,56,750.3,136
David Hernandez,ARI,MLB,RP,R,29,2014,5,927,387
Brandon Beachy,ATL,MLB,SP,R,27,2014,107,520.6,132
Clay Holmes,PIT,A,SP,R,21,2014,0,178.3,39
Jace Chancellor,SD,HS,RP,R,23,2014,0,0,0
Kris Medlen,ATL,MLB,RP,R,28,2014,160,788.3,280
Luke Hochevar,KC,MLB,SP,R,30,2014,16,1079,234
Miguel Sano,MIN,AA,3B,R,21,2014,1375,0,379
Jordan Stephens,CHW,Coll,SP,R,21,2014,0,171.6,38
Jacob Bray,BAL,Rk,RP,R,21,2014,0,12,7
Scott Moss,CIN,HS,SP,L,19,2014,0,0,0
Derek DeYoung,OAK,A,SP,R,22,2014,0,113.6,28
Barret Loux,CHC,AAA,SP,R,25,2014,12,316,65
Keaton Siomkin,STL,Coll,RP,R,22,2014,0,94,49
Cory Luebke,SD,MLB,SP,L,29,2014,69,588,139
Colton Turner,TOR,A-,SP,L,23,2014,0,286.6,61
Cole Irvin,PHI,Coll,SP,L,20,2014,0,116,16
Joe Rogers,DET,A+,RP,L,23,2014,0,135.3,90
Jose Martinez,ARI,A,SP,R,20,2014,0,128,28
Matt Mercer,ARI,HS,SP,R,17,2014,0,0,0
Brandon Young,BAL,HS,SP,R,15,2014,0,0,0
Erling Moreno,CHC,Rk,SP,R,17,2014,0,11.3,5
Anthony Prieto,CHC,Rk,SP,L,20,2014,0,40.3,16
Austin Reed,CHC,A+,RP,R,22,2014,0,250.6,116
Chris Clarke,CHC,HS,RP,R,15,2014,0,0,0
Simon Castro,CHW,AAA,SP,R,26,2014,24,774.3,169
Zach Remillard,CHW,Coll,3B,R,20,2014,388,0,111
Jose Lopez,CIN,Coll,SP,R,20,2014,0,126.3,51
Bren Spillane,CIN,HS,3B,R,17,2014,0,0,0
Matt Crouse,DET,AA,SP,L,23,2014,0,401.6,105
Kyle Dowdy,DET,Coll,RP,R,21,2014,0,32.3,13
Jonas Dufek,HOU,AA,SP,R,26,2014,0,358,104
Sebastian Kessay,HOU,A-,RP,L,21,2014,0,29.6,18
Cole McDonald,HOU,HS,SP,R,17,2014,0,0,0
Delfo Terrero,LAA,Rk,RP,L,17,2014,0,21,12
Ramon Rodriguez,LAA,Rk,RP,R,20,2014,0,111.6,55
Red Patterson,LAD,AAA,SP,R,27,2014,40,544.3,178
Eric Eadington,LAD,AA,RP,L,26,2014,1,219,150
Thomas Rowan,MIA,HS,C,R,18,2014,0,0,0
Tyler Stirewalt,MIN,Rk,RP,R,23,2014,0,46,39
Mitch Ragan,NYM,HS,SP,R,17,2014,0,0,0
Sean Murphy,OAK,AA,SP,R,25,2014,0,490.6,105
Ivan Cespedes,PIT,HS,RP,R,19,2014,0,0,0
Art Warren,SEA,Coll,RP,R,21,2014,0,40,25
Javier Herrera,SF,AAA,OF,R,29,2014,1898,0,503
Tyler Melling,STL,A+,SP,L,25,2014,0,265,61
Justin Watts,TOR,HS,RP,R,20,2014,0,0,0
Pablo Lopez,SEA,Rk,SP,R,18,2013,0,66.6,12
Jeff Johnson,CLE,AA,RP,R,24,2013,0,134.3,109
Mitch White,LAD,HS,SP,R,18,2013,0,0,0
Matt Harvey,NYM,MLB,SP,R,24,2013,96,483.3,82
Tyler Nevin,COL,HS,3B,R,18,2013,0,0,0
Dustin Hurlbutt,OAK,HS,SP,R,20,2013,0,0,0
Andrew Knapp,PHI,A-,C,R,21,2013,840,0,337
Colin Rodgers,KC,A,SP,L,19,2013,0,106.3,27
Raudel Lazo,MIA,AA,RP,L,24,2013,1,74.3,55
Matt Reynolds,ARI,MLB,RP,L,28,2013,5,375,367
Rafael Betancourt,COL,MLB,RP,R,38,2013,400,822.3,816
J.T. Chargois,MIN,Rk,RP,R,22,2013,472,81.3,61
Josh Mueller,COL,AA,SP,R,24,2013,4,335,135
Brooks Pounders,KC,AA,SP,R,22,2013,0,412.6,125
Gabe Speier,BOS,Rk,SP,L,18,2013,0,33,12
Luis Merejo,ATL,Rk,SP,L,18,2013,0,57,15
Andy Loomis,BAL,AA,RP,L,27,2013,0,317.6,210
Bobby Bundy,BAL,AA,SP,R,23,2013,0,389.3,84
Brandon Brennan,CHW,A,SP,R,21,2013,0,186.6,43
Pat Misch,DET,AAA,SP,L,31,2013,182,1469.3,338
Austin Wood,LAA,Rk,SP,R,22,2013,0,291.6,67
Tom Stuifbergen,MIN,AA,SP,R,24,2013,0,471.6,98
Alec Mills,KC,A,RP,R,21,2013,0,251,79
Jason Marquis,SD,MLB,SP,R,34,2013,717,2516.6,484
Roberto Osuna,TOR,A,SP,R,18,2013,0,86,22
Taylor Guerrieri,TB,A,SP,R,20,2013,0,119,26
David Paulino,DET,Rk,SP,R,19,2013,0,39,15
Stephen Bruno,CHC,A+,IF,R,22,2013,263,0,65
Matt Strahm,KC,Rk,RP,L,21,2013,0,30.3,19
Kyle McPherson,PIT,AAA,SP,R,25,2013,20,631.6,137
Tim Saunders,CHC,A+,IF,R,23,2013,542,0,148
Andrew Simunic,HOU,AAA,OF,R,27,2013,1709,2.3,527
Dillon Overton,OAK,Coll,SP,L,21,2013,0,289.3,61
Yoel Mecias,PHI,A,SP,L,19,2013,0,98.6,27
Jason Garcia,BOS,A,SP,R,20,2013,0,237,59
Dylan Bundy,BAL,MLB,SP,R,20,2013,0,105.3,25
James Naile,OAK,Coll,SP,R,20,2013,0,82.6,19
Alfredo Silverio,MIA,AA,OF,R,26,2013,2539,0,657
Jordan Norberto,OAK,MLB,RP,L,26,2013,3,515.3,415
Daniel Hudson,ARI,MLB,SP,R,26,2013,106,698.6,121
Kyuji Fujikawa,CHC,MLB,RP,R,32,2013,42,707.6,576
Luis Mateo,NYM,A+,SP,R,23,2013,0,148,29
Scott Elbert,LAD,AA,RP,L,27,2013,60,621.3,266
Collin Balester,TEX,AAA,SP,R,27,2013,77,990.6,290
Bryan Brickhouse,KC,A,SP,R,21,2013,0,113,22
Trey Nielsen,STL,Coll,IF,R,21,2013,571,6,153
Hunter Strickland,SF,A+,SP,R,24,2013,1,388,115
Jeff Degano,NYY,Coll,RP,L,20,2013,0,8.3,3
Eric O Flaherty,ATL,MLB,RP,L,28,2013,1,586.6,513
Matt Lane,CHW,A,RP,L,22,2013,0,137,49
Jose Barraza,CHW,A,C,R,18,2013,124,0,37
Gavin Floyd,CHW,MLB,SP,R,30,2013,84,1964,333
Stephen Tromblee,LAA,A+,RP,L,24,2013,0,144.3,89
Jason Motte,STL,MLB,RP,R,31,2013,618,427.3,429
Ty Morrison,TB,AA,OF,R,22,2013,1614,0,306
Ryan McNeil,CHC,Rk,RP,R,19,2013,0,20,8
Garrett Bolt,LAD,Rk,RP,R,23,2013,0,25.3,24
Drew Steckenrider,MIA,A,RP,R,22,2013,237,170.6,76
Seth Harvey,MIL,A+,RP,R,25,2013,0,119.6,86
Gabriel Encinas ,NYY,A,SP,R,21,2013,0,157,35
Kyle Higashioka,NYY,AA,C,R,23,2013,1049,0,301
David Whitehead,PHI,Coll,SP,R,21,2013,1,218.3,56
Jeff Inman,PIT,AA,RP,R,25,2013,5,151.6,89
Trevor Megill,SD,Coll,SP,R,19,2013,0,133.6,23
Chad Billingsley,LAD,MLB,SP,R,28,2013,412,1584.3,298
John Ely,HOU,AAA,SP,R,27,2013,116,858,158
Matt Skole,WAS,AA,3B,R,23,2013,1125,0,309
Nick Goody,NYY,A+,RP,R,21,2013,0,68.6,60
Alex White,HOU,MLB,SP,R,24,2013,67,400.6,78
Jordan Sheffield,LAD,HS,SP,R,18,2013,0,0,0
Bryce Montes de Oca,NYM,HS,RP,R,17,2013,0,0,0
Juniel Querecuto,TB,A,SS,R,20,2013,827,0,222
Chad Bell,TEX,AAA,SP,L,24,2013,1,338.3,102
Casey Kelly,SD,MLB,SP,R,23,2013,329,399,79
Jesse Stallings,CIN,HS,RP,R,18,2013,0,0,0
Jake Kalish,KC,Coll,RP,L,21,2013,106,127,50
Ryan Borucki,TOR,Rk,RP,L,19,2013,0,6,4
Fernando Rodriguez,OAK,MLB,RP,R,29,2013,4,996.3,359
Brandon Sisk,LAA,AAA,RP,L,27,2013,0,291.3,190
Frank Herrmann,CLE,MLB,RP,R,29,2013,1,737.3,292
Rafael Furcal,STL,MLB,SS,R,35,2013,6477,0,1614
Aaron Kurcz,BOS,AA,RP,R,22,2013,0,160,87
Enrique Zamora,LAD,HS,RP,R,19,2013,0,0,0
Rymer Liriano ,SD,AA,OF,R,22,2013,4521,0,1318
Taylor Clarke,ARI,Coll,SP,R,20,2013,0,46.3,10
Pierce Romero,ARI,HS,RP,R,19,2013,0,0,0
Chase Johnson-Mullins,ATL,HS,RP,L,18,2013,0,0,0
Trey Keegan,ATL,Coll,C,R,20,2013,32,0,11
Lincoln Henzman,CHW,HS,SP,R,17,2013,0,0,0
Blaine Howell,CIN,Rk,RP,L,24,2013,0,152.6,108
Dakota Mitchell,CIN,HS,RP,R,18,2013,0,0,0
Sebastian Elizalde,CIN,Coll,OF,R,20,2013,310,0,164
Packy Naughton,CIN,HS,SP,L,17,2013,0,0,0
Conor Costello,LAD,Coll,OF,R,20,2013,18,0,20
Alex Hermeling,LAD,Coll,SP,R,20,2013,0,27.3,11
Clark Beeker,MIN,Coll,RP,R,20,2013,0,57,21
Kevin Johnson,OAK,Coll,SP,R,24,2013,0,258,41
Rinku Singh,PIT,A,RP,L,24,2013,0,147.3,84
Reyes Moronta,SF,A-,RP,R,20,2013,0,81.6,37
Edgar Arredondo,TEX,HS,SP,R,16,2013,0,0,0
Spencer Kieboom,WAS,Rk,C,R,22,2013,621,0,66
Tommy Peterson,WAS,HS,RP,R,19,2013,0,0,0
Tim Cate,WAS,HS,SP,L,15,2013,0,0,0
Caleb Frare,NYY,Rk,RP,L,21,2012,0,23,10
Shawn Haviland,OAK,AA,SP,R,26,2012,1,633.3,135
Scott Carroll,CHW,AAA,SP,R,27,2012,49,575.6,123
Matthew Grimes,BAL,Coll,SP,R,20,2012,0,124,27
Manny Banuelos,NYY,AAA,SP,L,21,2012,0,329.3,86
Austin Schuetzle,SEA,HS,OF,R,17,2012,0,0,0
Tim Melville,KC,A,SP,R,22,2012,0,384,84
Joe Broussard,LAD,Coll,RP,R,21,2012,4,86.6,41
Juan Oviedo,MIA,MLB,RP,R,30,2012,1,884.3,502
Shao-Ching Chiang,CLE,HS,SP,R,18,2012,0,0,0
Mitchell Traver,LAA,HS,SP,R,18,2012,0,0,0
Lucas Giolito,WAS,Rk,SP,R,17,2012,0,38.6,12
Lester Oliveros,MIN,AAA,RP,R,24,2012,0,349,232
Carl Crawford,BOS,MLB,OF,L,30,2012,5615,0,1396
Josh Tomlin,CLE,MLB,SP,R,27,2012,7,809,193
Matt West,TEX,A+,3B,R,23,2012,1205,47.3,502
Drew Hutchison,TOR,MLB,SP,R,21,2012,2,293.3,57
Alex Wimmers,MIN,Rk,SP,R,23,2012,0,62.3,19
Neftali Feliz,TEX,MLB,RP,R,24,2012,2,489,245
David Perez,TEX,A-,SP,R,19,2012,0,109.3,30
Artie Lewicki,DET,Coll,SP,R,20,2012,0,87,25
John Curtiss,MIN,Coll,RP,R,19,2012,0,64,28
Joe Wieland,SD,MLB,SP,R,22,2012,15,465.6,91
Eric Surkamp,SF,MLB,SP,L,24,2012,22,424.6,77
Brandon Bailey,OAK,HS,SP,R,17,2012,0,0,0
Todd Coffey,LAD,MLB,RP,R,31,2012,13,809,693
Luis Perez,TOR,MLB,SP,L,27,2012,0,772,194
Matt Maloney,MIN,AAA,SP,L,28,2012,113,1005.3,190
Kevin Taylor,NYM,A,2B,R,20,2012,188,0,53
Steven Moya,DET,A,OF,R,20,2012,994,0,245
Felipe Paulino,KC,MLB,SP,R,28,2012,72,789,200
Reid Humphreys,COL,HS,RP,R,17,2012,0,0,0
Chang-Yong Lim,CHC,Rk,RP,R,36,2012,8,1704.6,786
Greg Billo,KC,A+,SP,R,21,2012,0,342.3,76
Jeff Brigham,LAD,Coll,RP,R,20,2012,0,84.6,34
Jarret Leverett,SF,Coll,RP,L,22,2012,0,91.2,54
Patrick Murphy,TOR,HS,SP,L,17,2012,0,0,0
Brigham Hill,WAS,HS,SP,R,16,2012,0,0,0
Robert Fish,ATL,AA,RP,L,24,2012,0,399,152
Jose Contreras,PHI,MLB,SP,R,40,2012,29,1255.6,304
Andrew Carignan,OAK,MLB,RP,R,25,2012,0,179.3,158
David Herndon,PHI,MLB,RP,R,26,2012,7,519.3,237
Kyle Drabek,TOR,MLB,SP,R,24,2012,30,671.6,126
Charlie Morton,PIT,MLB,SP,R,28,2012,173,1226.3,277
Danny Duffy,KC,MLB,SP,L,23,2012,3,483,100
Ryan Beckman,PIT,AA,RP,R,22,2012,0,159.6,93
Nate Griep,MIL,HS,RP,R,18,2012,0,0,0
Juan Oramas,SD,AA,SP,L,22,2012,19,350,92
Marcos Mateo,CHC,MLB,RP,R,28,2012,19,468,228
Fu-Te Ni,DET,AAA,RP,L,29,2012,0,235.3,135
Scott Barlow,LAD,Rk,RP,R,19,2012,0,1.3,2
Mitch Conner,MIL,A+,RP,R,22,2012,2,51.3,43
Xavier Macklin,OAK,A-,OF,R,21,2012,572,0,174
Grayson Garvin,TB,A+,SP,L,22,2012,0,195.6,35
R.C. Orlan,WAS,Coll,RP,L,21,2012,0,110.6,94
Josh Conway,CHC,Coll,SP,R,21,2012,78,160.3,35
Tsuyoshi Wada,BAL,AAA,SP,L,31,2012,47,1482.3,217
Austin Ross,MIL,A+,SP,R,23,2012,0,191.3,39
George Sherrill,SEA,MLB,RP,L,35,2012,0,664.3,660
Mike Pelfrey,NYM,MLB,SP,R,28,2012,294,1073.3,186
Joe Beimel,PIT,MLB,RP,L,35,2012,53,1087.3,759
C.C. Lee,CLE,AAA,RP,R,25,2012,0,234.3,138
Cody Scarpetta,MIL,AA,SP,R,23,2012,22,411,98
Jordan Ellis,PHI,AA,RP,R,25,2012,1,191.6,119
A.J. Jimenez,TOR,AA,C,R,22,2012,2186,0,596
Diego Moreno,PIT,A+,RP,R,24,2012,0,194,116
Jeremy Bonderman,DET,MLB,SP,R,29,2012,28,1373.6,257
Brian Wilson,SF,MLB,RP,R,30,2012,11,503.6,447
Justin Miller,TEX,AA,RP,R,25,2012,0,167.6,118
Scott Baker,MIN,MLB,SP,R,30,2012,25,1452.3,244
Michael Kohn,LAA,MLB,RP,R,26,2012,0,217,191
Ryan Madson,CIN,MLB,RP,R,31,2012,63,1373,625
Joey Devine,OAK,MLB,RP,R,28,2012,4,236,220
Jose Ceda,MIA,MLB,RP,R,25,2012,5,289.6,194
Joakim Soria,KC,MLB,RP,R,28,2012,0,332,309
Jordan Swagerty,STL,AA,RP,R,22,2012,0,98.6,40
Benino Pruneda,ATL,AA,RP,R,23,2012,5,260,193
Mason Felt,CIN,HS,SP,L,18,2012,0,0,0
Jack Armstrong Jr.,HOU,Coll,SP,R,22,2012,3,78.3,25
Daniel Herrera,NYM,AAA,RP,L,27,2012,12,648.3,478
Will Kendall,PIT,Coll,RP,L,20,2012,0,50.6,14
Ryan Butler,SD,Coll,RP,R,20,2012,0,15.3,7
Cole Wiper,TEX,HS,SP,R,20,2012,0,0,0
Joel Zumaya,DET,MLB,RP,R,27,2012,0,640.3,263
Sergio Escalona,HOU,MLB,RP,L,27,2012,5,419.3,258
Arodys Vizcaino,ATL,MLB,SP,R,21,2012,7,288,84
Dean Deetz,HOU,HS,SP,R,18,2012,0,0,0
Sammy Solis,WAS,A+,SP,L,23,2012,0,100.6,19
Matt Crownover,WAS,HS,SP,L,19,2012,0,0,0
Yean Carlos Gil,ATL,A,SP,L,21,2012,0,145.6,35
Charlie Haeger,BOS,AA,SP,R,28,2012,58,1368.6,274
Seby Zavala,CHW,Coll,C,R,18,2012,123,0,43
Jared Walsh,LAA,Coll,1B,L,18,2012,51,0,30
Matt Jones,LAD,HS,OF,R,20,2012,0,0,0
Trevor Oaks,LAD,HS,SP,R,19,2012,0,0,0
Nate Orf,MIL,Coll,2B,R,22,2012,234,0,65
Cameron Roegner,MIL,HS,SP,L,18,2012,0,0,0
Sean Carley,NYY,Coll,SP,R,21,2012,0,82.3,12
Kyle Friedrichs,OAK,Coll,RP,R,20,2012,0,85.6,49
Bealyn Chourio,PIT,Rk,SS,R,18,2012,90,0,34
Jordan Johnson,SF,Coll,RP,R,18,2012,0,6.6,3
Mike Franco,TB,HS,RP,R,20,2012,0,0,0
Jaime Schultz,TB,Coll,RP,R,19,2011,0,65.3,38
Ryan Perez,CLE,HS,RP,L,17,2011,0,0,0
Andrew Rohrbach,COL,Coll,SP,R,19,2011,0,113.6,18
John Lackey,BOS,MLB,SP,R,32,2011,38,2456.6,388
Leonel Campos,SD,A-,RP,R,23,2011,0,6.6,5
Carlos Carrasco,CLE,MLB,SP,R,24,2011,50,1084.3,193
Kyle Gibson,MIN,AAA,SP,R,23,2011,0,247.3,43
Taylor Jordan,WAS,A,SP,R,22,2011,0,194.3,42
Juan Gutierrez,ARI,MLB,SP,R,27,2011,59,776,275
Tony Pena,CHW,MLB,RP,R,29,2011,42,803.3,519
Zack Cozart,CIN,MLB,SS,R,25,2011,1654,0,440
Rubby De La Rosa,LAD,MLB,SP,R,22,2011,29,240.6,58
Brad Hawpe,SD,MLB,OF,L,32,2011,2907,0,893
Jason Hursh,ATL,Coll,RP,R,19,2011,0,29.6,10
Aaron Wilkerson,BOS,HS,SP,R,22,2011,0,0,0
Chia-Jen Lo,HOU,A,RP,R,25,2011,2,81.3,51
Kevin Walter,PHI,Rk,RP,R,19,2011,0,2,1
Nick Neumann,PIT,Coll,SP,R,20,2011,0,72.3,12
David Aardsma,SEA,MLB,RP,R,29,2011,19,513.6,422
Carlos Monasterios,LAD,AAA,SP,R,25,2011,17,919.6,270
Alan Farina,TOR,AA,RP,R,24,2011,0,161,124
Brett Anderson,OAK,MLB,SP,L,23,2011,4,614,110
Johnny Anderson,TOR,A,SP,L,22,2011,0,129,39
Jose Casilla,SF,A+,RP,R,22,2011,0,198,108
Conor Mullee,NYY,Rk,RP,R,23,2011,0,22,14
Joba Chamberlain,NYY,MLB,RP,R,25,2011,5,470.3,211
Daisuke Matsuzaka,BOS,MLB,SP,R,30,2011,32,2068,320
Rich Hill,BOS,MLB,SP,L,31,2011,166,1038,262
Jorge De La Rosa,COL,MLB,SP,L,30,2011,196,1288.3,342
Mason Tobin,TEX,MLB,SP,R,23,2011,0,101.6,29
Robert Whitenack,CHC,AA,SP,R,22,2011,11,258,54
Drew Naylor,PHI,AA,SP,R,25,2011,20,620.3,106
Chad Smith,DET,Coll,RP,R,21,2011,0,24.3,22
Jenrry Mejia,NYM,MLB,SP,R,21,2011,17,319.6,94
Stephen Marek,ATL,AAA,RP,R,27,2011,3,531,223
Cameron Bedrosian,LAA,Rk,RP,R,19,2011,0,12,5
Andrew Chin,NYY,HS,SP,L,18,2011,0,0,0
Matt Lujan,SF,Coll,SP,L,22,2011,0,79.3,13
Scott McGregor,STL,AA,SP,R,24,2011,10,290,77
Josh Uhen,MIL,HS,RP,R,19,2011,0,0,0
Nick Hill,SEA,AA,RP,L,26,2011,0,275.6,126
Kane Sweeney,NYY,HS,1B,R,18,2011,0,0,0
Dallas Gallant,MIN,Rk,RP,R,22,2011,0,31.3,20
Matt Gorgen,ARI,AA,RP,R,24,2011,0,142.3,108
Cla Meredith,BAL,MLB,RP,R,28,2011,5,459,426
Daniel Coulombe,LAD,Coll,SP,L,21,2011,0,20.3,4
Brad Wieck,NYM,HS,RP,L,19,2011,0,0,0
Adam Wainwright,STL,MLB,SP,R,29,2011,413,1667.3,322
Steve Hathaway,ARI,HS,RP,L,20,2011,0,0,0
Brian Schlitter,CHC,AAA,RP,R,25,2011,3,198,161
Adam Lopez,CHW,Coll,RP,R,21,2011,0,10,3
Thomas Royse,CHW,Rk,SP,R,22,2011,0,34.3,10
Drew Cisco,CIN,HS,SP,R,19,2011,0,0,0
Scott Oberg,COL,HS,RP,R,21,2011,0,0,0
Jeff Ferrell,DET,A,SP,R,20,2011,0,92,19
Carmine Giardina,LAA,Rk,RP,L,23,2011,0,32.6,14
Cameron Booser,MIN,Coll,RP,L,19,2011,0,10.3,6
Adam O Neill,NYM,Rk,RP,R,21,2011,0,33.6,22
Giovanny Gallegos,NYY,HS,RP,R,19,2011,0,0,0
Cody Carroll,NYY,HS,RP,R,18,2011,0,0,0
Christian Morris,NYY,HS,RP,R,17,2011,0,0,0
Boof Bonser,OAK,AAA,SP,R,29,2011,27,1363.3,290
Eddie Bonine,PHI,AAA,SP,R,30,2011,12,940.6,270
Harrison Musgrave,COL,Coll,SP,L,19,2011,0,56.6,10
Arquimedes Caminero,MIA,Rk,RP,R,24,2011,0,213.6,131
Wei-Chung Wang,PIT,HS,RP,L,19,2011,0,0,0
Josh Lucas,STL,Rk,RP,R,20,2011,0,72.6,22
Matt Ramsey,TB,Coll,RP,R,21,2011,113,31.6,19
Adam Choplick,TEX,HS,RP,L,18,2011,0,0,0
Randy Boone,TOR,AAA,SP,R,26,2011,0,422.3,80
Zak Wasilewski,TOR,HS,SP,L,18,2011,0,0,0
A.J. Morris,WAS,A+,SP,R,24,2011,0,128.6,37
Koda Glover,WAS,HS,RP,R,18,2011,0,0,0
Jamie Moyer,PHI,MLB,SP,L,47,2010,467,4751,797
Michael Nolan,OAK,HS,SP,L,22,2010,0,0,0
Sam Dyson,TOR,HS,RP,R,22,2010,0,0,0
Scott Gorgen,STL,AA,SP,R,23,2010,7,233.6,38
Justin Maxwell,WAS,MLB,OF,R,26,2010,783,0,346
Jacob deGrom,NYM,Rk,SP,R,22,2010,0,26,6
Hector Ambriz,CLE,MLB,SP,R,26,2010,62,558,139
Wilmer Font,TEX,A+,SP,R,20,2010,0,237,62
Vincent Velasquez,HOU,Rk,SP,R,18,2010,0,29.3,8
Evan Reed,TEX,AA,RP,R,24,2010,0,291.3,134
Manuel Corpas,COL,MLB,RP,R,27,2010,6,564.3,459
John Baker,MIA,MLB,C,R,29,2010,1076,0,359
Stephen Strasburg,WAS,MLB,SP,R,21,2010,30,142.3,28
Shawn Kelley,SEA,MLB,RP,R,26,2010,0,155,130
Vaughn Covington,CIN,HS,RP,R,16,2010,0,0,0
Erick Threets,CHW,MLB,RP,L,28,2010,13,583,402
Hector Rondon,CLE,AAA,SP,R,22,2010,0,511.6,99
Michael Ynoa,OAK,Rk,RP,R,18,2010,0,9,3
Ben Sheets,OAK,MLB,SP,R,31,2010,462,1769.3,282
Danny Salazar,CLE,A,SP,R,20,2010,0,225.3,53
Kyle Blanks,SD,MLB,OF,R,23,2010,250,0,87
Robbie Aviles,CLE,HS,RP,R,18,2010,0,0,0
Brett Cammons,ATL,AA,RP,R,24,2010,4,214,120
Kaleb Fleck,ARI,HS,RP,R,21,2010,0,0,0
Brian Pearl,CIN,A,RP,R,22,2010,0,50.6,25
Tyler Henley,STL,AA,OF,L,25,2010,1295,0,364
James Parr,ATL,AAA,SP,R,24,2010,54,788.3,214
Donnie Veal,PIT,AAA,SP,L,25,2010,53,563,140
Dustin Antolin,TOR,A,RP,R,20,2010,0,97.3,58
Zach Miner,DET,MLB,SP,R,28,2010,51,1145.3,308
Arnold Leon,OAK,AA,RP,R,21,2010,0,87,56
Chris Coste,PHI,MLB,C,R,37,2010,806,0,299
Justin Lehr,CIN,AAA,RP,R,32,2010,107,1639.6,499
Steven Matz,NYM,HS,SP,L,19,2010,0,0,0
Luis Lebron,BAL,AA,RP,R,25,2010,0,209.6,182
Layne Somsen,CIN,HS,SP,R,21,2010,0,0,0
Jack Egbert,CHW,AAA,SP,R,27,2010,0,774,161
Christian Garcia,NYY,AA,SP,R,25,2010,0,296.3,57
Mike Nesseth,PHI,HS,RP,R,22,2010,0,0,0
Junichi Tazawa,BOS,MLB,SP,R,24,2010,0,134.6,26
Brett Bochy,SF,HS,RP,R,22,2010,0,0,0
Juan Jaime,WAS,A,RP,R,22,2010,0,111.6,42
Trevor Foss,LAA,HS,SP,R,20,2010,0,0,0
Elliot Morris,LAA,HS,SP,R,18,2010,0,0,0
Jeff Bianchi,KC,AA,SS,R,23,2010,1394,0,371
Jon Meloan,OAK,MLB,RP,R,25,2010,26,363,176
Omar Poveda,TEX,AA,SP,R,22,2010,0,591,108
Casey Mulholland,LAD,HS,RP,R,18,2010,0,0,0
Marcus Walden,TOR,A+,SP,R,21,2010,0,121,28
Jose Arredondo,LAA,MLB,RP,R,26,2010,68,443.6,236
Clay Zavada,ARI,AAA,RP,L,26,2010,2,156,111
Jennell Hudson,BOS,Rk,RP,R,20,2010,0,15,10
Leandro Marin,BOS,A+,RP,R,21,2010,0,66.6,46
Joseph Colon,CLE,Rk,SP,R,20,2010,0,32,11
Michael Morrison,DET,A+,RP,R,22,2010,0,24.3,15
Tommy Collier,DET,Coll,SP,R,20,2010,0,39,7
Alex Luna,KC,HS,RP,R,17,2010,0,0,0
Hainley Statia,LAA,AAA,SS,R,24,2010,564,0,220
Hunter Jones,MIA,AAA,RP,L,26,2010,12,799.3,305
Matt Bashore,MIN,Rk,RP,L,22,2010,0,2,1
Will Fulmer,NYM,HS,IF,R,18,2010,0,0,0
Pedro Figueroa,OAK,AA,SP,L,24,2010,0,385,86
Julio Ramos,OAK,A+,SP,L,22,2010,0,193.6,48
Ben Bracewell,OAK,HS,SP,R,19,2010,0,0,0
Ricky Orta,SEA,AA,SP,R,25,2010,0,259.6,81
Jose Valdivia,SEA,Rk,RP,R,18,2010,0,6.3,7
Gus Benusa,SF,Rk,OF,L,19,2010,74,0,21
Joe Biagini,SF,HS,RP,R,20,2010,0,0,0
Josh Osich,SF,HS,SP,L,21,2010,0,0,0
Jesse Hahn,TB,HS,SP,R,20,2010,0,0,0
Andrew Laughter,TEX,AA,RP,R,25,2010,0,149.6,110
Tomas Telis,TEX,Rk,C,R,19,2010,581,0,152
Jack McGeary,WAS,A,SP,L,21,2010,0,217.3,49
Casey Lambert,CHC,AAA,RP,L,23,2009,22,234.6,127
Parker Frazier,COL,A,SP,R,20,2009,0,262.3,54
Jason Isringhausen,TB,MLB,RP,R,36,2009,30,688.6,600
Marcus Hatley,CHC,A,SP,R,21,2009,0,172,58
Jordan Zimmermann,WAS,MLB,SP,R,23,2009,43,287,56
Mark Lamm,ATL,HS,RP,R,21,2009,0,0,0
Tim Berry,BAL,HS,SP,L,18,2009,0,0,0
Beau Wright,MIA,HS,RP,L,18,2009,0,0,0
Brett Marshall,NYY,A,SP,R,19,2009,0,93.3,20
Adrian Sampson,PIT,HS,RP,R,17,2009,0,0,0
Ryan Mattheus,COL,AAA,SP,R,25,2009,18,555,161
Will Harris,COL,A-,RP,R,24,2009,0,141.3,110
Mike Aviles,KC,MLB,IF,R,28,2009,2956,0,762
George Kontos,NYY,AAA,SP,R,24,2009,0,395.3,73
Neal Cotts,CHC,MLB,RP,L,29,2009,9,658.3,404
Billy Petrick,CHC,A+,SP,R,25,2009,6,407.3,114
Chandler Shepherd,BOS,HS,SP,R,16,2009,0,0,0
Josh Outman,OAK,MLB,SP,L,24,2009,21,535.3,127
Henry Barrera,KC,A,RP,R,23,2009,0,162.6,111
Nolan Gallagher,SEA,A-,SP,R,23,2009,0,94.3,21
Taylor Buchholz,COL,MLB,SP,R,27,2009,120,1037.6,265
Anthony Reyes,CLE,MLB,SP,R,27,2009,138,721.3,141
Jesse Litsch,TOR,MLB,SP,R,24,2009,4,526.6,109
Andrew Chafin,ARI,HS,RP,L,19,2009,0,0,0
Dan Giese,OAK,MLB,RP,R,32,2009,17,736.6,423
Duane Below,DET,AA,SP,L,23,2009,0,362,78
David Riske,MIL,MLB,RP,R,32,2009,1,749.6,652
Dallas Beeler,CHC,HS,SP,R,20,2009,0,0,0
Steve Matre,LAD,HS,RP,R,21,2009,0,0,0
Kyle Mura,STL,AA,RP,R,24,2009,7,239.3,99
Bill Bray,CIN,MLB,RP,L,26,2009,6,225.6,223
Scott Proctor,LAD,MLB,RP,R,32,2009,42,848.3,491
Jimmy Barthmaier,PIT,AAA,SP,R,25,2009,24,616.6,139
Alfredo Simon,BAL,MLB,SP,R,28,2009,16,694,167
John Ennis,PHI,AAA,RP,R,29,2009,42,1035.6,359
Oscar Villarreal,HOU,MLB,RP,R,27,2009,55,802.6,374
Nick McCurdy,MIA,AAA,RP,R,29,2009,3,551.3,250
Cameron Coffey,BAL,HS,SP,L,18,2009,0,0,0
Mark Worrell,STL,AAA,RP,R,26,2009,5,286,246
Brae Wright,MIL,AA,SP,L,25,2009,40,346.3,71
Miguel Gonzalez,LAA,AA,RP,R,25,2009,0,263,108
Ryan Feierabend,SEA,MLB,SP,L,23,2009,0,790.6,150
Todd Jennings,SF,AAA,C,R,27,2009,1674,0,456
Clayton Shunick,CIN,Rk,SP,R,22,2009,0,38.3,10
Josh Ford,ARI,AA,C,R,26,2009,1555,0,434
Alex Wood,ATL,HS,SP,L,18,2009,0,0,0
Matt Marksberry,ATL,HS,SP,L,18,2009,0,0,0
James Avery,CIN,AA,SP,R,25,2009,78,500.3,99
Kyle Lotzkar,CIN,A,SP,R,19,2009,0,66.6,19
Curt Casali,DET,Coll,C,R,20,2009,24,0,10
Montreal Robertson,DET,HS,RP,R,19,2009,0,0,0
Dayan Diaz,HOU,Rk,RP,R,20,2009,0,76.3,29
Christian Binford,KC,HS,SP,R,16,2009,0,0,0
Dallas Trahern,MIA,AAA,SP,R,23,2009,37,645,113
Daniel Mahoney,MIA,A-,RP,R,21,2009,0,31.3,10
Josh Romanski,MIL,Coll,OF,L,22,2009,15,0,4
John Holdzkom,NYM,A,RP,R,21,2009,0,121,51
Mitch LeVier,OAK,A,OF,L,21,2009,292,0,85
Elvis Araujo,PHI,Rk,SP,L,17,2009,0,57,14
Zack Sterner,PHI,A+,RP,R,23,2009,0,119.6,61
Andrew Albers,SD,Rk,RP,L,23,2009,0,7,5
Chris Wilkes,SD,A-,SP,R,19,2009,0,92.3,24
Will Startup,SD,AAA,RP,L,24,2009,4,187,140
Dan Otero,SF,AA,RP,R,24,2009,0,115.3,113
Nick Petree,STL,HS,SP,R,18,2009,0,0,0
Albert Suarez,TB,A-,SP,R,19,2009,0,53.3,13
Adam Liberatore,TB,A,RP,L,22,2009,0,27.3,17
Pat Neshek,MIN,MLB,RP,R,27,2008,0,415.3,327
Casey Weathers,COL,AA,RP,R,23,2008,0,59,58
Shaun Marcum,TOR,MLB,SP,R,26,2008,0,805.6,183
Drake Britton,BOS,A-,SP,L,19,2008,0,33.6,8
Billy Wagner,NYM,MLB,RP,L,36,2008,55,1226,840
Jaime Garcia,STL,MLB,SP,L,21,2008,38,380.3,72
Michael Olmsted,NYM,A,SP,R,21,2008,0,69.3,18
Mike Parisi,STL,AAA,SP,R,25,2008,76,658.6,122
Salvador Aguilar,NYM,AA,SP,R,26,2008,30,425.3,92
Tim Hudson,ATL,MLB,SP,R,32,2008,271,2288.3,353
Sergio Mitre,NYY,MLB,SP,R,27,2008,147,899.3,179
Dae-Eun Rhee,CHC,A,SP,R,19,2008,0,40,10
Jake McGee,TB,AA,SP,L,21,2008,0,485,94
Norris Hopper,CIN,MLB,OF,R,29,2008,396,0,168
Matt Chico,WAS,MLB,SP,L,25,2008,104,767.3,145
Gregorio Rosario,CLE,Rk,SP,R,21,2008,1,117.3,25
Jake Westbrook,CLE,MLB,SP,R,30,2008,36,1880.3,337
Hector Gomez,COL,A+,SS,R,20,2008,316,0,83
Charlie Furbush,DET,A,SP,L,22,2008,0,61.6,12
Drew VerHagen,DET,HS,RP,R,17,2008,0,0,0
Harold Mozingo,KC,A,SP,R,23,2008,0,148.6,34
Fautino De Los Santos,OAK,A+,SP,R,22,2008,0,193.6,41
Chris Capuano,MIL,MLB,SP,L,29,2008,272,1165,203
Peter Moylan,ATL,MLB,RP,R,29,2008,6,250,168
Shane Greene,NYY,Coll,RP,R,19,2008,0,23,12
A.J. Ramos,MIA,Coll,RP,R,21,2008,0,33.6,25
Nick Hagadone,BOS,A,SP,L,22,2008,0,34.3,13
Macay McBride,DET,MLB,RP,L,25,2008,34,695.6,287
Andy Sisco,CHW,AAA,RP,L,25,2008,2,563,246
Mike Zagurski,PHI,MLB,RP,L,25,2008,1,155,105
Kyle Waldrop,MIN,AA,SP,R,22,2008,0,521.6,91
Ray Black,SF,Coll,RP,R,18,2008,0,20,18
Mark McLemore,HOU,MLB,RP,L,27,2008,20,437,172
Yonata Ortega,ARI,Rk,RP,R,21,2008,0,95.3,33
Randy Henry,BAL,HS,SP,R,18,2008,0,0,0
Lee Gronkiewicz,BOS,AAA,RP,R,29,2008,0,418,347
Tommy Hottovy,BOS,AA,SP,L,26,2008,0,426.6,93
Travis Webb,CIN,A,SP,L,23,2008,0,154.3,41
Cody Allen,CLE,Coll,SP,R,19,2008,0,83.6,13
Kevin Chapman,KC,Coll,RP,L,20,2008,0,18,14
Tyler Webb,NYY,HS,SP,L,17,2008,0,0,0
Colby Shreve,PHI,Coll,RP,R,20,2008,0,109.3,23
John Hussey,SD,A,SP,R,21,2008,0,157.3,50
Dustin Ackley,SEA,Coll,OF,R,20,2008,333,0,90
Mark Minicozzi,SF,AA,IF,R,25,2008,1191,0,327
Hak-Ju Lee,TB,HS,SS,R,17,2008,0,0,0
Greg Wilborn,LAD,Coll,RP,L,20,2007,0,19.3,12
Casey Crosby,DET,HS,SP,L,18,2007,0,0,0
Samuel Deduno,COL,AA,SP,R,23,2007,18,447.3,85
Jake Brigham,TEX,A-,SP,R,19,2007,0,135.3,29
Danys Baez,BAL,MLB,RP,R,29,2007,3,725.3,441
Nick Schmidt,SD,A,RP,L,21,2007,0,7,3
Shin-Soo Choo,CLE,AAA,OF,L,24,2007,509,0,159
Tim Gustafson,ATL,A,SP,R,22,2007,0,111.3,22
Angel Guzman,CHC,Rk,SP,R,25,2007,67,566,120
Brian Ellington,MIA,HS,SP,R,16,2007,0,0,0
Russ Ortiz,SF,MLB,SP,R,33,2007,511,1917.3,345
Ambiorix Burgos,NYM,MLB,RP,R,23,2007,1,393.6,238
Willie Eyre,TEX,MLB,RP,R,28,2007,1,814,347
Andrew Brackman,NYY,Coll,SP,R,21,2007,0,140.6,37
Rodrigo Lopez,COL,MLB,SP,R,31,2007,105,1631.3,325
Chris Ray,BAL,MLB,RP,R,25,2007,0,348.3,209
Brendan Donnelly,BOS,MLB,RP,R,35,2007,13,905.6,700
Daniel Stange,ARI,AA,RP,R,21,2007,1,85,70
Chris Carpenter,STL,MLB,SP,R,32,2007,223,2113.3,352
Tony Sipp,CLE,AA,RP,L,23,2007,0,219.3,74
Alex Wilson,BOS,Coll,SP,R,20,2007,0,36,13
Rafael Dolis,CHC,A,SP,R,19,2007,0,55,19
Anthony Lerew,ATL,MLB,SP,R,24,2007,53,735.6,146
Eric Milton,CIN,MLB,SP,L,31,2007,197,1731.6,295
Vance Wilson,DET,MLB,C,R,27,2007,953,0,403
Carl Pavano,NYY,MLB,SP,R,31,2007,303,1719.6,295
Keith Hessler,ARI,HS,SP,L,18,2007,0,0,0
Dallas Buck,CIN,A+,SP,R,22,2007,0,97.6,16
Mike Jones,MIL,AA,SP,R,24,2007,31,380.6,79
Michael Gonzalez,ATL,MLB,RP,L,29,2007,31,766.6,337
Cesar Carrillo,SD,AAA,SP,R,23,2007,26,125.3,27
B.J. Ryan,TOR,MLB,RP,L,31,2007,2,587,579
Tip Fairchild,HOU,AA,SP,R,23,2007,2,238.6,51
Matt Hensley,LAA,AAA,SP,R,28,2007,1,620.6,167
Fernando Nieve,HOU,MLB,SP,R,24,2007,42,715.6,157
Humberto Sanchez,DET,AAA,SP,R,24,2007,1,454,88
Chris Denorfia,CIN,MLB,OF,R,26,2007,143,0,67
Brad Lincoln,PIT,A,SP,R,22,2007,0,23.6,6
Navery Moore,ATL,HS,RP,R,16,2007,0,0,0
Arthur Rhodes,PHI,MLB,RP,L,37,2007,4,1620,767
Edward Campusano,CHC,AA,RP,L,24,2007,1,157.6,93
Thomas Diamond,TEX,AA,SP,R,24,2007,0,325.6,67
Josh Kinney,STL,MLB,RP,R,28,2007,5,410.3,321
Adam Bernero,KC,MLB,SP,R,30,2007,35,989.3,258
Carlos Gutierrez,MIN,Coll,RP,R,20,2007,0,25.6,16
Bruce Chen,TEX,MLB,SP,L,30,2007,148,1582.3,396
Paul Bush,ATL,AA,RP,R,27,2007,30,379,158
Lee Hyde,ATL,A+,RP,L,22,2007,4,51,24
Caleb Clay,BOS,A-,RP,R,19,2007,0,21,5
Josh Smith,CIN,HS,RP,R,19,2007,0,0,0
Tyler Sturdevant,CLE,Coll,RP,R,21,2007,0,36,19
Ethan Katz,COL,A,RP,R,23,2007,0,154,80
Denny Stark,COL,AAA,SP,R,32,2007,122,980,203
P.J. Finigan,DET,AA,RP,R,24,2007,0,138.3,78
Eli Iorg,HOU,A+,OF,R,24,2007,1288,0,357
Andrew Triggs,KC,HS,RP,R,18,2007,0,0,0
Brian Akin,LAD,AAA,RP,R,25,2007,5,274,142
Jumbo Diaz,LAD,A,RP,R,23,2007,1,171,96
Wily Peralta,MIL,Rk,SP,R,18,2007,0,38,14
Erik Goeddel,NYM,HS,SP,R,18,2007,0,0,0
Ryota Igarashi,NYM,Coll,RP,R,28,2007,18,472.6,407
Hector Noesi,NYY,A,RP,R,20,2007,0,27,10
Hayden Hurst,PIT,HS,SP,R,13,2007,0,0,0
Kenn Kasparek,SEA,Coll,SP,R,21,2007,0,52,15
Matt Carpenter,STL,Coll,3B,R,21,2007,251,0,70
John Bannister,TEX,A+,SP,R,23,2007,0,352.6,78
Erik Cordier,KC,A,SP,R,20,2006,0,87.3,21
Francisco Liriano,MIN,MLB,SP,L,22,2006,7,629,125
Mark Melancon,NYY,A-,RP,R,21,2006,0,7.6,7
Scott Mathieson,PHI,MLB,SP,R,22,2006,26,506.6,104
Bryan Morris,LAD,Rk,SP,R,19,2006,0,59.6,14
Merkin Valdez,SF,AAA,SP,R,24,2006,17,465,128
Eddie Guardado,SEA,MLB,RP,L,35,2006,1,1299.6,857
Brandon Backe,HOU,MLB,SP,R,28,2006,990,608.3,213
Paul Raglione,KC,Rk,RP,R,19,2006,0,93.3,23
Logan Kensing,MIA,MLB,RP,R,23,2006,24,386,100
Luis Atilano,ATL,A+,SP,R,21,2006,0,371.6,69
Jose Guillen,WAS,MLB,OF,R,30,2006,5888,0,1650
Vinnie Pestano,CLE,Coll,RP,R,21,2006,0,22.6,21
Brian Anderson,KC,MLB,SP,L,34,2006,259,1829.6,340
Carlos Martinez,MIA,MLB,RP,R,24,2006,0,182,145
Tyler Walker,TB,MLB,SP,R,30,2006,58,949,322
Carlos Almanzar,ATL,AAA,RP,R,32,2006,10,808,513
Brian Ward,BAL,HS,C,R,21,2006,0,0,0
Eric Berger,CLE,Coll,RP,L,20,2006,0,38.3,10
Julio Santana,PHI,MLB,SP,R,33,2006,47,1300.3,422
Shawn Estes,SD,MLB,SP,L,33,2006,343,2106.6,370
John Foster,ATL,MLB,RP,L,28,2006,7,326,281
Kelly Johnson,ATL,MLB,2B,R,24,2006,2342,0,688
Victor Zambrano,NYM,MLB,RP,R,30,2006,326,999,385
Ricardo Rincon,STL,MLB,RP,L,36,2006,4,447.3,564
Steve Stemle,KC,MLB,SP,R,29,2006,80,889.3,225
Eddie Gamboa,BAL,Coll,RP,R,21,2006,0,62,12
Yhency Brazoban,LAD,MLB,RP,R,26,2006,9,174,210
Luis Ayala,WAS,MLB,RP,R,28,2006,13,257,235
Juan Padilla,NYM,MLB,RP,R,29,2006,6,572.3,411
Trey Lunsford,SF,AA,C,R,27,2006,1685,0,511
Daniel Schlereth,ARI,Coll,RP,L,20,2006,0,12,10
Wei-Yin Chen,BAL,Coll,RP,L,20,2006,0,19.3,10
Jin-ho Cho,BOS,AAA,SP,R,30,2006,1,709.6,165
Kirby Yates,BOS,HS,RP,R,19,2006,0,0,0
Kris Honel,CHW,AA,SP,R,23,2006,0,459.3,89
Frank Viola III,CHW,Rk,SP,R,22,2006,0,70.3,12
Tyler Sample,KC,HS,SP,R,17,2006,0,0,0
Adalberto Flores,MIA,Rk,RP,R,19,2006,0,31.3,13
Jeff Bennett,MIL,AAA,SP,R,26,2006,14,812,257
John Gast,STL,HS,RP,L,17,2006,0,0,0
Drew Bigda,TB,A,RP,L,23,2006,0,112.3,84
Lance Pendleton,TB,A-,SP,R,22,2006,0,27,6
Alec Asher,TEX,HS,SP,R,14,2006,0,0,0
Matt Nevarez,TEX,Rk,RP,R,19,2006,0,29,11
Cristian Santana,TEX,HS,OF,R,17,2006,0,0,0
Vince Perkins,TOR,AA,SP,R,24,2006,0,440,94
Dusty Hughes,KC,A+,SP,R,23,2005,0,303,56
Taylor Teagarden,TEX,A-,C,R,21,2005,198,0,60
Al Reyes,STL,MLB,RP,R,35,2005,26,901.3,690
Mike Hampton,ATL,MLB,SP,L,32,2005,664,2545.6,460
Cesar Izturis,LAD,MLB,SS,R,25,2005,4202,0,1154
Jorge Campillo,SEA,MLB,SP,R,26,2005,0,79.3,18
Erubiel Durazo,OAK,MLB,1B,L,31,2005,1948,0,624
Kyle McClellan,STL,A,SP,R,21,2005,0,261.6,60
Philip Humber,NYM,AA,SP,R,22,2005,0,74.3,15
J.D. Martin,CLE,AA,SP,R,22,2005,0,479.6,89
John Parrish,BAL,AA,SP,L,27,2005,0,629,157
Derek Thompson,LAD,MLB,SP,L,24,2005,45,402.6,79
Randy Wolf,PHI,MLB,SP,L,28,2005,379,1432.6,234
Matt Riley,TEX,Rk,SP,L,25,2005,3,745.6,155
Ben Davis,CHW,AAA,C,R,28,2005,1512,0,486
T.J. Tucker,WAS,MLB,RP,R,26,2005,81,719.6,292
Anthony Varvaro,SEA,Coll,RP,R,20,2005,0,11,5
Kyle Sleeth,DET,AA,SP,R,23,2005,0,148,24
Octavio Dotel,OAK,MLB,RP,R,31,2005,91,1151,483
Bobby Korecky,TOR,AA,RP,R,25,2005,0,190,121
Ryan Bukvich,TEX,MLB,RP,R,27,2005,0,278.6,222
Grant Balfour,MIN,MLB,SP,R,27,2005,0,602,260
Andrew Bailey,OAK,Coll,SP,R,21,2005,0,58,10
Frank Francisco,TEX,MLB,RP,R,25,2005,0,406,170
Kris Johnson,BOS,Coll,RP,L,20,2005,0,30.6,14
Tony Alvarez,CHW,AAA,OF,R,26,2005,2719,0,746
Francis Beltran,WAS,MLB,RP,R,25,2005,11,418.6,251
Rocco Baldelli,TB,MLB,OF,R,23,2005,1202,0,292
Jason Berken,BAL,Coll,SP,R,21,2005,0,45,8
Phil Seibel,BOS,AAA,SP,L,26,2005,33,459.3,101
Miguel Socolovich,BOS,HS,SP,R,18,2005,0,0,0
Al Alburquerque,CHC,HS,RP,R,19,2005,0,0,0
Rocky Cherry,CHC,AA,SP,R,25,2005,3,217.3,48
Trace Coquillette,CHW,AAA,IF,R,21,2005,4028,0,1192
Paul Janish,CIN,A,SS,R,22,2005,413,0,121
Craig Tatum,CIN,A,C,R,22,2005,177,0,78
Luke Putkonen,DET,HS,SP,R,19,2005,0,0,0
Randor Bierd,DET,AA,SP,R,21,2005,0,133.3,29
Shane Loux,DET,AAA,SP,R,25,2005,0,1115.3,201
Michael Hacker,HOU,HS,RP,L,19,2005,0,0,0
Ryan Ketchner,LAD,AAA,SP,L,23,2005,32,477.6,114
Javy Guerra,LAD,A,SP,R,19,2005,0,92.6,22
Rick VandenHurk,MIA,A+,SP,R,20,2005,0,125.3,31
Ronald Belisario,MIA,AA,SP,R,22,2005,22,363.3,75
Chris Saenz,MIL,AA,SP,R,23,2005,32,345.6,100
Frank Mata,MIN,Rk,RP,R,21,2005,0,31.3,26
Harrison Bishop,PIT,HS,RP,R,20,2005,0,0,0
Nick DeBarr,TB,A+,SP,R,21,2005,0,271.3,68
Wade Townsend,TB,A-,RP,R,22,2005,0,39.3,12
Craig Gentry,TEX,Coll,OF,R,21,2005,221,0,56
Derek Tate,TOR,A+,RP,L,23,2005,0,50.3,17
Ray Olmedo,CIN,MLB,SS,R,23,2004,2423,0,721
Jason Grimsley,BAL,MLB,RP,R,26,2004,92,2176,834
Shawn Hill,WAS,MLB,SP,R,23,2004,16,450.3,85
Clint Everts,WAS,A+,SP,R,19,2004,0,190.3,36
Rafael Soriano,SEA,MLB,SP,R,24,2004,231,567,142
Luis Gonzalez,ARI,MLB,OF,R,36,2004,8285,0,2365
Jason Stanford,CLE,MLB,SP,L,27,2004,0,633.6,111
Jim Hoey,BAL,A-,RP,R,21,2004,0,48.6,13
Mike Lincoln,STL,MLB,RP,R,29,2004,32,882.6,276
Jay Powell,TEX,MLB,RP,R,32,2004,14,765.6,607
Shane Komine,OAK,AA,SP,R,23,2004,0,277.6,62
Nick Adenhart,LAA,HS,RP,R,17,2004,0,0,0
Jason Shiell,BOS,AAA,RP,R,27,2004,12,620.3,238
Dustin McGowan,TOR,AA,SP,R,22,2004,0,423.6,85
Aaron Looper,SEA,AAA,RP,R,27,2004,0,478.3,276
Fernando Rodney,DET,MLB,RP,R,27,2004,0,312.6,195
Jorge De Paula,NYY,MLB,SP,R,25,2004,0,813,149
Pedro Beato,BAL,HS,RP,R,17,2004,0,0,0
Brian Duensing,MIN,Coll,RP,L,21,2004,0,50.3,12
Miguel Asencio,KC,MLB,SP,R,23,2004,2,438.6,92
Cory Sullivan,COL,AA,CF,L,24,2004,1375,0,340
Corwin Malone,CHW,AA,SP,L,23,2004,0,461,114
Chris Spurling,DET,MLB,RP,R,27,2004,17,477.6,257
Scott Maine,ARI,HS,RP,L,19,2004,0,0,0
Dustin Nippert,ARI,AA,SP,R,23,2004,9,222,48
Jo-Jo Reyes,ATL,A,SP,L,19,2004,0,119.6,26
Billy Simon,BOS,A,SP,R,21,2004,0,50.3,15
Brett Gray,CIN,AA,RP,R,27,2004,17,356.3,135
Phil Dumatrait,CIN,A+,SP,L,22,2004,0,335.6,70
Mark Rodrigues,CLE,HS,SP,R,20,2004,0,0,0
Preston Larrison,DET,AA,SP,R,23,2004,0,417.6,76
Joe Torres,LAA,A+,SP,L,21,2004,0,277,60
Hyun-Jin Ryu,LAA,HS,SP,L,17,2004,0,0,0
Arismendy Castillo,LAD,HS,SP,R,19,2004,0,0,0
Mike Megrew,LAD,A+,SP,L,20,2004,0,195.6,41
Lincoln Holdzkom,MIA,A+,RP,R,22,2004,0,147,98
Tim Wood,MIA,A,RP,R,21,2004,0,109,40
Zach Braddock,MIL,HS,RP,L,16,2004,0,0,0
Angel Garcia,MIN,A,RP,R,20,2004,0,126,42
Jeff Manship,MIN,HS,SP,R,19,2004,0,0,0
Dustin Molleken,PIT,Rk,RP,R,19,2004,0,6.3,3
Brandon Gomes,SD,HS,RP,R,19,2004,0,0,0
Kevin Ohme,STL,AAA,RP,L,33,2004,15,628.6,366
John Axford,SEA,HS,RP,R,20,2003,0,0,0
Mike Fetters,MIN,MLB,RP,R,38,2003,0,1276.3,698
Tony Womack,CHC,MLB,IF,R,33,2003,4764,0,1272
Zack Segovia,PHI,A,SP,R,20,2003,0,93,24
Billy Traber,CLE,MLB,SP,L,23,2003,11,425.3,87
Jesse Foppert,SF,MLB,SP,R,22,2003,19,218.3,41
Joe Mays,MIN,MLB,SP,R,27,2003,12,1260.6,247
Tim Spooneybarger,MIA,MLB,RP,R,23,2003,7,273,201
Runelvys Hernandez,KC,MLB,SP,R,25,2003,0,399.3,66
Brian Tallet,CLE,AAA,SP,R,25,2003,2,437,81
C.J. Wilson,TEX,AA,SP,L,22,2003,0,330.6,66
Ryan Dempster,CIN,MLB,SP,R,26,2003,320,1462,244
Denny Neagle,COL,MLB,SP,L,34,2003,539,2299.6,462
Rusty Greer,TEX,MLB,OF,L,34,2003,3829,0,1027
Rick Ankiel,STL,AA,OF,L,23,2003,87,0,53
Paul Byrd,ATL,AA,SP,R,32,2003,148,1580,340
Seth McClung,TB,MLB,SP,R,22,2003,0,474.3,94
Scott Strickland,WAS,MLB,RP,R,27,2003,7,494.6,334
Doug Creek,TOR,MLB,RP,R,34,2003,109,1069.3,455
Anthony Pluta,TEX,A+,SP,R,20,2003,0,287.6,57
Brian Moehler,HOU,MLB,SP,R,31,2003,30,1480,248
Jason Bulger,ARI,A+,SP,R,24,2003,0,122,26
Ricky Bones,MIA,MLB,SP,R,34,2003,116,2269,569
A.J. Burnett,MIA,MLB,SP,R,26,2003,169,934,166
Matt Wise,LAA,MLB,SP,R,27,2003,0,769.3,140
Andy Ashby,LAD,MLB,SP,R,35,2003,572,2580.3,444
Jayson Durocher,MIL,MLB,RP,R,28,2003,6,815.6,339
Anibal Sanchez,BOS,HS,SP,R,19,2003,0,0,0
Manny Delcarmen,BOS,A+,SP,R,21,2003,0,205,41
Luke Hagerty,CHC,A-,SP,L,22,2003,0,50,10
Scott Lewis,CLE,HS,SP,L,19,2003,0,0,0
Tom Shearn,HOU,AAA,SP,R,25,2003,40,719,201
Mike Stodolka,KC,A+,SP,R,21,2003,0,491.6,101
Hung-Chih Kuo,LAD,A+,RP,L,21,2003,0,36.3,15
Ben Diggins,MIL,AA,SP,R,24,2003,25,327,61
Rusty Tucker,SD,AA,RP,L,22,2003,1,153.6,138
Scott Feldman,TEX,Rk,RP,R,20,2003,0,6.3,3
Ben Kozlowski,TEX,AA,SP,L,22,2003,0,470,101
Danny Touchet,TEX,HS,RP,R,21,2003,0,0,0
Francisco Rosario,TOR,A+,SP,R,22,2003,0,205.3,42
Armando Galarraga,WAS,Rk,RP,R,21,2003,0,51.3,21
Bob Wickman,CLE,MLB,RP,R,33,2002,2,1285.3,690
Erik Bedard,BAL,AA,SP,L,23,2002,0,311.6,71
Doug Brocail,DET,MLB,SP,R,35,2002,189,1451.6,525
J.R. House,PIT,AA,C,R,22,2002,1177,0,361
Benito Baez,MIA,Rk,RP,L,25,2002,7,660.3,258
Jon Lieber,CHC,MLB,SP,R,32,2002,483,1861.3,331
Scott Chiasson,CHC,AAA,RP,R,24,2002,0,360.6,158
Jeff Zimmerman,TEX,MLB,RP,R,29,2002,0,435.6,275
Ben Christensen,CHC,AA,SP,R,24,2002,27,240.3,44
Danny Patterson,DET,MLB,RP,R,31,2002,1,794.3,522
Tyler Yates,NYM,AAA,RP,R,24,2002,0,292.6,200
Matt Thornton,SEA,AA,SP,L,25,2002,0,353,92
Brian Tollberg,SD,MLB,SP,R,29,2002,152,997.6,194
Jason Christiansen,SF,MLB,RP,L,32,2002,13,610.6,563
John Franco,NYM,MLB,RP,L,41,2002,72,1502.6,1074
Dave Eiland,TB,MLB,SP,R,35,2002,34,1794.6,340
Pete Harnisch,CIN,MLB,SP,R,35,2002,518,2365.3,384
Mike Duvall,MIN,MLB,RP,L,27,2002,3,457,304
Jack Taschner,SF,A+,RP,L,24,2002,0,120.6,31
Will Ohman,CHC,MLB,RP,L,24,2002,8,307.3,161
Jason Grilli,MIA,MLB,SP,R,25,2002,89,456,86
Ryan Vogelsong,PIT,MLB,SP,R,24,2002,63,518,107
Kevin Jarvis,SD,MLB,SP,R,32,2002,203,1452,289
Jesus Delgado,BOS,HS,SP,R,18,2002,0,0,0
Phil Norton,CHC,AAA,SP,L,26,2002,95,841,176
Jeff Bajenaru,CHW,AA,RP,R,24,2002,0,71.3,59
Mike Steele,DET,A+,RP,R,23,2002,0,92,75
Chuck Smith,MIA,AAA,SP,R,32,2002,71,1191.6,282
Brandon Claussen,NYY,AAA,SP,L,23,2002,0,426.3,70
Cha Seung Baek,SEA,A+,SP,R,22,2002,0,175.6,37
Steve Delabar,SD,HS,RP,R,18,2002,0,0,0
Bobby Cramer,TB,Coll,RP,L,22,2002,0,23.3,10
Ryan Tatusko,WAS,HS,SP,R,18,2002,0,0,0
Seung-hwan Oh,STL,HS,RP,R,18,2001,0,0,0
Chris Narveson,STL,A+,SP,L,19,2001,0,171.6,31
Brian Rose,TB,AAA,SP,R,25,2001,32,761.6,161
Lance Painter,TOR,MLB,RP,L,33,2001,140,1144,450
Bobby Bradley,PIT,A+,SP,R,20,2001,0,162.6,29
Adam Eaton,SD,MLB,SP,R,23,2001,103,678.6,115
Pat Hentgen,BAL,MLB,SP,R,32,2001,78,2687.6,462
Kevin Walker,SD,MLB,RP,L,24,2001,4,522,187
Matt Holliday,COL,A+,OF,R,21,2001,1276,0,348
Darren Dreifort,LAD,MLB,SP,R,29,2001,239,824.6,197
Matt Mantei,ARI,MLB,RP,R,27,2001,6,390,332
Kris Benson,PIT,MLB,SP,R,26,2001,163,698.3,115
Valerio De Los Santos,MIL,MLB,RP,R,28,2001,15,537.3,207
Scott Williamson,CIN,MLB,RP,R,25,2001,39,412.6,148
Rod Beck,BOS,MLB,RP,R,32,2001,76,1455.6,783
Mike Benjamin,PIT,MLB,IF,R,35,2001,1926,0,818
Garrett Stephenson,STL,MLB,SP,R,29,2001,145,1212.6,224
Scott Downs,WAS,MLB,SP,L,25,2001,38,475,84
Derrick Lewis,ATL,AAA,SP,R,25,2001,27,518.3,102
Jose Capellan,ATL,Rk,RP,R,20,2001,0,15.6,3
Luke Scott,CLE,Coll,OF,R,23,2001,334,0,97
Chin-Hui Tsao,COL,A+,SP,R,20,2001,0,162.3,28
Steve Green,LAA,AAA,SP,R,23,2001,0,431,75
Ryan Poe,MIL,AA,RP,R,23,2001,11,281.3,112
Sean Henn,NYY,A-,SP,L,20,2001,0,42,8
Francisco Cordova,PIT,AAA,SP,R,29,2001,232,780.6,172
Xavier Nady,SD,A+,1B,R,22,2001,525,0,138
Gerik Baxter,SD,A,SP,R,21,2001,0,161,33
Chance Caple,STL,A+,SP,R,22,2001,0,162,29
Jason Frasor,TOR,A,SP,R,23,2001,0,154,30
Bill Simas,CHW,MLB,RP,R,28,2000,0,610,449
Kyle Snyder,KC,A+,RP,R,22,2000,0,26,9
Scott Erickson,BAL,MLB,SP,R,32,2000,15,2299.6,355
Tom Lampkin,SEA,MLB,C,R,36,2000,1796,0,777
Danny Kolb,TEX,MLB,SP,R,25,2000,0,666.6,130
Scott Radinsky,STL,MLB,RP,L,32,2000,6,744.3,711
J.M. Gold,MIL,A,SP,R,20,2000,0,166.3,33
John Patterson,ARI,AAA,SP,L,22,2000,23,350.6,71
Michael Tejera,MIA,MLB,SP,L,23,2000,30,441,83
John Smoltz,ATL,MLB,SP,R,33,2000,719,2819.6,424
Andrew Good,ARI,A,SP,R,20,2000,0,193.3,38
Randy Williams,CHC,A+,RP,L,24,2000,0,56,16
David Cortes,ATL,MLB,RP,R,26,2000,5,178,150
Odalis Perez,ATL,MLB,SP,L,22,2000,54,436,122
Juan Pena,BOS,MLB,SP,R,23,2000,0,647.6,109
Lance Carter,KC,MLB,SP,R,25,2000,0,260.6,56
Orber Moreno,KC,MLB,RP,R,23,2000,0,308.6,118
Rocky Coppinger,MIL,MLB,SP,R,26,2000,3,742.3,164
Sterling Hitchcock,SD,MLB,SP,L,29,2000,183,1715.6,320
Ken Cloude,SEA,MLB,SP,R,25,2000,7,911,179
Joe Roa,SF,MLB,SP,R,28,2000,81,1366,257
Andrew Brown,ATL,Rk,SP,R,19,2000,0,42.3,11
Scott Sobkowiak,ATL,AA,SP,R,22,2000,2,203.3,39
Jason Stumm,CHW,A,SP,R,19,2000,0,121.3,26
Ryan Shealy,COL,Coll,1B,R,20,2000,231,0,69
Jae Seo,NYM,A+,SP,R,23,2000,0,54.6,13
Brian Stitt,SEA,HS,SP,R,17,2000,0,0,0
Tom Gordon,BOS,MLB,RP,R,31,1999,0,1962,498
Joe Nelson,ATL,AAA,RP,R,24,1999,19,421,163
Chad Fox,MIL,MLB,RP,R,28,1999,34,631.3,205
Mark Wohlers,ATL,MLB,RP,R,29,1999,15,767,605
Geremi Gonzalez,CHC,AAA,SP,R,24,1999,98,823,169
Seth Greisinger,DET,AAA,SP,R,23,1999,4,360.3,62
Hipolito Pichardo,KC,MLB,RP,R,29,1999,4,909.3,346
Matt Morris,STL,MLB,SP,R,24,1999,133,568.6,91
Kerry Wood,CHC,MLB,SP,R,22,1999,83,445,81
Kerry Ligtenberg,ATL,MLB,RP,R,28,1999,1,208,184
Rocky Biddle,CHW,A+,RP,R,23,1999,0,120,34
Brian Falkenborg,BAL,MLB,SP,R,21,1999,0,331,71
Jeff Tabaka,PIT,MLB,RP,L,35,1999,41,965,484
Mitch Wylie,CHW,A,RP,R,22,1999,0,62,26
Nate Bland,LAD,AA,SP,L,24,1999,3,538,132
Paul Wilson,NYM,AAA,SP,R,26,1999,81,480.6,83
Jimmy Journell,STL,Coll,RP,R,21,1999,0,32,13
Matt Beech,PHI,MLB,SP,L,26,1998,124,737,127
Jay Buhner,SEA,MLB,OF,R,33,1998,5980,0,1715
Lorenzo Barcelo,CHW,Rk,SP,R,20,1998,2,359.3,68
Mike James,LAA,MLB,RP,R,30,1998,54,1020.6,393
Marc Valdes,WAS,MLB,SP,R,26,1998,95,657.6,156
Osvaldo Fernandez,SF,MLB,SP,R,29,1998,79,240,43
Billy Brewer,PHI,MLB,RP,L,30,1998,4,367,337
Jeff Wallace,PIT,MLB,RP,R,22,1998,2,238,100
Cory Lidle,ARI,AAA,RP,R,26,1998,43,697.6,213
Damian Moss,ATL,AA,SP,L,21,1998,20,464.3,85
Nate Robertson,MIA,Coll,SP,L,20,1998,0,77,13
Greg Wooten,SEA,A+,SP,R,24,1998,0,367,59
David Elder,TEX,Rk,RP,R,22,1998,0,32.3,20
Ken Ryan,PHI,MLB,RP,R,28,1997,8,1024.6,508
Todd Hundley,NYM,MLB,C,R,28,1997,3877,0,1156
Steve Sparks,MIL,MLB,SP,R,31,1997,1,1595,261
Rheal Cormier,WAS,MLB,SP,L,30,1997,231,1192.6,248
Randy Velarde,LAA,MLB,IF,R,34,1997,4265,0,1301
Jay Payton,NYM,AAA,OF,R,24,1997,999,0,272
Winston Abreu,ATL,A,SP,R,20,1997,0,191.3,38
Eric Gagne,LAD,A,SP,R,21,1997,0,115.3,23
Britt Reames,STL,A,SP,R,24,1997,0,245.3,40
Matt Quatraro,TB,A,C,R,23,1997,538,0,137
Billy Koch,TOR,A+,RP,R,22,1997,0,21.3,3
Colby Lewis,TEX,HS,RP,R,17,1996,0,0,0
Jason Bere,CHW,MLB,SP,R,25,1996,0,890.3,165
Pedro Borbon,ATL,MLB,RP,L,28,1996,12,676.3,322
Paul Wagner,PIT,MLB,SP,R,28,1996,175,1001.6,240
John Snyder,CHW,AA,SP,R,21,1996,0,526,101
Bill Pulsipher,NYM,MLB,SP,L,22,1996,75,654,91
Dewon Brazelton,TB,HS,RP,R,16,1996,0,0,0
Rene Arocha,STL,MLB,SP,R,29,1995,101,487.3,143
Jose Rijo,CIN,MLB,SP,R,30,1995,432,2361.3,467
Bobby Munoz,PHI,MLB,SP,R,27,1995,47,641.6,168
Butch Henry,WAS,MLB,SP,L,26,1995,212,1093.3,204
Cal Eldred,STL,MLB,SP,R,27,1995,0,1094.6,161
Steve Karsay,OAK,MLB,SP,R,24,1995,0,414,74
Bryan Harvey,MIA,MLB,RP,R,32,1995,0,590.3,450
Luis Lopez,SD,MLB,IF,R,24,1995,1620,0,721
Masumi Kuwata,PIT,Coll,SP,R,27,1995,606,1691.3,243
Anthony Young,CHC,MLB,SP,R,28,1994,151,979.6,222
Darryl Hamilton,MIL,MLB,OF,R,29,1994,1795,0,554
Frank Viola,BOS,MLB,SP,L,34,1994,179,2946.6,437
Tim Worrell,SD,MLB,SP,R,26,1994,81,652,113
Ken Patterson,LAA,MLB,RP,L,29,1994,2,674.3,349
Armando Reynoso,COL,MLB,SP,R,28,1994,132,619,106
Scott Eyre,CHW,A,SP,L,22,1994,0,336,60
Scott Schoeneweis,LAA,HS,RP,L,20,1994,0,0,0
Huck Flener,TOR,AAA,RP,L,25,1994,0,396,154
Paul Menhart,TOR,AAA,SP,R,24,1993,3,527.6,86
Greg Colbrunn,WAS,MLB,1B,R,23,1993,321,0,122
Norm Charlton,SEA,MLB,RP,L,30,1993,167,1119.6,470
Jose Canseco,TEX,MLB,OF,R,28,1993,3886,0,1032
Julio Valera,LAA,MLB,SP,R,24,1993,112,1183.3,197
Kevin Ritz,DET,MLB,SP,R,28,1993,0,907,182
Scott Aldred,WAS,MLB,SP,L,25,1993,0,892.3,172
Bob Wells,PHI,AA,RP,R,25,1992,0,238,67
Mike Bielecki,ATL,MLB,SP,R,32,1992,366,2143,416
Mike Greenwell,BOS,MLB,OF,R,28,1992,2980,0,831
Clay Parker,SEA,MLB,SP,R,29,1992,0,949,178
Jeff Knox,LAA,Rk,RP,R,19,1992,0,28.6,6
Pat Treend,MIA,HS,RP,R,20,1992,0,0,0
Dave Leiper,SD,MLB,RP,L,30,1992,3,573.6,326
Matt Murray,ATL,A+,SP,R,21,1992,0,303.6,55
John Farrell,CLE,MLB,SP,R,27,1991,0,1142,181
Stan Spencer,WAS,AA,SP,R,21,1991,0,92,17
Mike Witt,NYY,MLB,SP,R,30,1991,0,2213.6,402
Scott Garrelts,SF,MLB,RP,R,29,1991,288,1596,470
Scott Chiamparino,TEX,MLB,SP,R,24,1991,0,593,96
Darren Oliver,TEX,A+,SP,L,20,1991,0,192.6,42
Joe Magrane,STL,MLB,SP,L,26,1991,261,1084.3,162
Dion James,CLE,MLB,OF,L,28,1991,1999,0,645
Glenn Carter,LAA,AA,SP,R,23,1991,0,354.6,62
Brian Dubois,DET,AAA,SP,L,25,1990,0,756,126
John Dopson,BOS,AAA,SP,R,26,1990,92,1114,187
Jose Alvarez,ATL,MLB,RP,R,34,1990,50,1196.6,406
Brett Gideon,WAS,MLB,RP,R,26,1990,35,429.6,207
J.J. Picollo,NYY,HS,C,R,19,1990,0,0,0
Rey Sanchez,TEX,AAA,SS,R,22,1990,1400,0,413
Mike Fyhrie,KC,Coll,RP,R,20,1990,0,39.3,21
Todd Worrell,STL,MLB,RP,R,29,1989,81,839.6,376
Steve Ontiveros,PHI,MLB,RP,R,28,1989,12,630,212
Jose Mesa,BAL,AAA,RP,R,23,1989,0,867.3,183
Greg Mathews,STL,MLB,SP,L,27,1989,149,764,126
Jose Cecena,TEX,AAA,RP,R,25,1989,24,222,102
Danny Cox,STL,MLB,SP,R,29,1989,316,1362.3,207
Jim Winn,MIN,MLB,RP,R,29,1989,49,567.3,265
John Tudor,LAD,MLB,SP,L,34,1988,340,2187.3,308
Matt Young,LAD,MLB,SP,L,29,1988,3,1065,265
Eric Bell,BAL,AAA,SP,L,24,1988,1,812.3,150
Brad Arnsberg,NYY,MLB,SP,R,24,1988,2,648.6,98
Steve Bast,BOS,AA,SP,L,23,1988,0,261.3,47
Bryan Hickerson,SF,AA,SP,L,24,1988,14,182.3,32
Dan Opperman,LAD,HS,SP,R,18,1987,0,0,0
Mike Warren,KC,AAA,SP,R,26,1987,0,968,191
Ken Dayley,STL,MLB,SP,L,27,1986,72,962,238
Gary Lavelle,TOR,MLB,RP,L,37,1986,295,1910,917
Tom Filer,TOR,MLB,SP,R,29,1986,27,977.3,183
Steve Christmas,CHC,MLB,C,R,28,1986,37,0,24
Jim Morris,MIL,A,SP,L,22,1986,0,255.3,57
David Wells,TOR,AA,SP,L,22,1985,0,322.3,52
Jamie Nelson,MIL,AAA,C,R,25,1985,1876,0,640
Kevin Towers,SD,AA,SP,R,23,1985,44,396.6,65
Chuck Porter,MIL,MLB,SP,R,29,1984,3,1255.6,225
Paul Molitor,MIL,MLB,IF,R,27,1984,3126,0,765
Larry Christenson,PHI,MLB,SP,R,29,1983,508,1724.6,296
Gil Patterson,SF,A,SP,R,27,1983,1,473.3,73
Brian Holton,LAD,AAA,SP,R,23,1983,28,859,142
Don Aase,LAA,MLB,SP,R,27,1982,185,1559.6,312
David Palmer,WAS,MLB,SP,R,24,1982,101,743,145
Joe Sambito,HOU,MLB,RP,L,30,1982,118,1037.3,403
Dwayne Henry,TEX,A,SP,R,20,1982,0,206.6,40
Tom Candiotti,MIL,AA,SP,R,23,1981,0,350,57
Bill Bordley,SF,MLB,SP,L,23,1981,13,297.6,54
Joe Hesketh,WAS,AA,SP,L,22,1981,0,95,14
Brent Strom,SD,MLB,SP,L,28,1978,237,1137,197
Tommy John,LAD,MLB,SP,L,31,1974,691,2165,355